families,K,lambda,nonidentical,converged,error,loglik_train,bic,aic,test_loglik,pi,extras,test_rmse,test_mae,prediction_finite,prediction_max,prediction_q99,prediction_stable,baseline_mean_rmse,baseline_median_mae,rmse_skill,mae_skill,active_counts,shared_active,symmetric_diff,active_sets,active_features,active_coefficients,component_intercepts,n_iter,min_pi,seconds,dataset,init,seed,task_id,n,p
poisson+nb2,2,100.0,True,True,,-3931.8846965948915,7950.616787816063,7883.769393189783,-3931.8846965948915,"[0.8407777763215547, 0.15922222367844527]","[{}, {""log_alpha"": 2.34484995117476}]",3.1352413649016295,0.8831414935863043,True,0.8214368823064105,0.6876249796878453,True,3.1403712262975643,0.5373815967523681,0.001633520697482238,-0.643415961624876,"[6, 0]",0.0,6.0,"[[1, 2, 4, 9, 16, 21], []]","[[""xage"", ""child"", ""disea"", ""black"", ""logc"", ""site_3""], []]","[{""xage"": 0.22650308387272444, ""child"": -0.03923972178578561, ""disea"": 0.046819011399972466, ""black"": -0.010194424861678986, ""logc"": -0.17351533825260604, ""site_3"": 0.1023362525799194}, {}]","[-1.8498772647514368, 0.9155229637339636]",4,0.15922222367844527,37.722090005874634,randhealth_notmdvis_baseline,kmeans_glm,20260810,randhealth_notmdvis_baseline_K2_poisson-nb2_L100.0_kmeans_glm,5912,51
poisson+nb2,2,100.0,True,True,,-3937.3858853649435,7952.93442589354,7892.771770729887,-3937.3858853649435,"[0.8321415425086359, 0.16785845749136413]","[{}, {""log_alpha"": 2.190332739126891}]",3.135893442863726,0.8841297068349067,True,0.7714812024776532,0.6689628985958134,True,3.1403712262975643,0.5373815967523681,0.0014258771053374808,-0.6452549029927503,"[5, 0]",0.0,5.0,"[[1, 2, 4, 16, 21], []]","[[""xage"", ""child"", ""disea"", ""logc"", ""site_3""], []]","[{""xage"": 0.24242343785762166, ""child"": -0.02169368904032959, ""disea"": 0.03352185674493835, ""logc"": -0.15525866556432902, ""site_3"": 0.0975474883419653}, {}]","[-1.9072150003836874, 0.886838725738268]",5,0.16785845749136413,30.032814025878906,randhealth_notmdvis_baseline,quantile_glm,20260820,randhealth_notmdvis_baseline_K2_poisson-nb2_L100.0_quantile_glm,5912,51
poisson+zinb,2,50.0,True,True,,-3886.007271692719,7954.3940721006265,7814.014543385438,-3886.007271692719,"[0.8447734657724745, 0.1552265342275255]","[{}, {""log_alpha"": 0.6412873321957805, ""logit_theta"": 0.7553193434996356}]",3.132166796920493,0.8754270091536966,True,1.1088111593591103,0.7854162170291169,True,3.1403712262975643,0.5373815967523681,0.0026125667272605124,-0.6290602701028185,"[16, 0]",0.0,16.0,"[[1, 2, 4, 9, 12, 15, 16, 17, 20, 21, 22, 23, 27, 42, 43, 46], []]","[[""xage"", ""child"", ""disea"", ""black"", ""fmde"", ""coins"", ""logc"", ""mhi"", ""plan_16"", ""site_3"", ""female"", ""site_4"", ""hlthp"", ""plan_2"", ""plan_17"", ""plan_7""], []]","[{""xage"": 0.22169817699190342, ""child"": -0.10241036719050348, ""disea"": 0.06582136132469202, ""black"": -0.086369369860711, ""fmde"": -0.07616249306780931, ""coins"": -0.038249960339683545, ""logc"": -0.15437712062303302, ""mhi"": -0.010320257498863937, ""plan_16"": -0.012854337389445105, ""site_3"": 0.1450643858514547, ""female"": 0.05739002790370033, ""site_4"": -0.05697647854948834, ""hlthp"": 0.017966281329878427, ""plan_2"": 0.04890098064474225, ""plan_17"": 0.0334835892655182, ""plan_7"": 0.05617647731736641}, {}]","[-1.8647289440852544, 2.0555398019562334]",4,0.1552265342275255,43.680333614349365,randhealth_notmdvis_baseline,kmeans_glm,20260849,randhealth_notmdvis_baseline_K2_poisson-zinb_L50.0_kmeans_glm,5912,51
nb2+nb2,2,100.0,False,True,,-3929.834956479189,7955.202047047286,7881.669912958378,-3929.834956479189,"[0.8813339866470111, 0.1186660133529888]","[{""log_alpha"": -8.517821144697944}, {""log_alpha"": 1.9823505366674223}]",3.1351981490199314,0.8831303574421763,True,0.8249781917823517,0.6880439090435748,True,3.1403712262975643,0.5373815967523681,0.001647282090191493,-0.6433952386522335,"[6, 0]",0.0,6.0,"[[1, 2, 4, 9, 16, 21], []]","[[""xage"", ""child"", ""disea"", ""black"", ""logc"", ""site_3""], []]","[{""xage"": 0.22222881676927309, ""child"": -0.04464224473481304, ""disea"": 0.04769078563224391, ""black"": -0.011544197268201939, ""logc"": -0.17225032317417835, ""site_3"": 0.1041836176155842}, {}]","[-1.8916277062131739, 1.2078213880772755]",12,0.1186660133529888,32.20286440849304,randhealth_notmdvis_baseline,kmeans_glm,20260870,randhealth_notmdvis_baseline_K2_nb2-nb2_L100.0_kmeans_glm,5912,51
nb2+nb2,2,50.0,False,True,,-3887.3967494934154,7957.17302770202,7816.793498986831,-3887.3967494934154,"[0.8834211967360927, 0.11657880326390738]","[{""log_alpha"": -27.631021115928547}, {""log_alpha"": 1.969232979743369}]",3.132270248718421,0.8782174031713934,True,1.136783291262848,0.7924168163097374,True,3.1403712262975643,0.5373815967523681,0.0025796241894286975,-0.6342528446802889,"[16, 0]",0.0,16.0,"[[1, 2, 4, 9, 12, 15, 16, 17, 20, 21, 22, 23, 27, 42, 43, 46], []]","[[""xage"", ""child"", ""disea"", ""black"", ""fmde"", ""coins"", ""logc"", ""mhi"", ""plan_16"", ""site_3"", ""female"", ""site_4"", ""hlthp"", ""plan_2"", ""plan_17"", ""plan_7""], []]","[{""xage"": 0.23083570629817662, ""child"": -0.10185148985165299, ""disea"": 0.06550328247369441, ""black"": -0.08414903445670008, ""fmde"": -0.04243391137976345, ""coins"": -0.037796551799882824, ""logc"": -0.1938495940973132, ""mhi"": -0.011993232944005451, ""plan_16"": -0.009840145607360433, ""site_3"": 0.15284084937009346, ""female"": 0.05851789448667766, ""site_4"": -0.05502199832436269, ""hlthp"": 0.019496152557732276, ""plan_2"": 0.049112815185770105, ""plan_17"": 0.029418361524172876, ""plan_7"": 0.05367966861890959}, {}]","[-1.942135715997427, 1.2218871109483889]",13,0.11657880326390738,63.876338720321655,randhealth_notmdvis_baseline,kmeans_glm,20260869,randhealth_notmdvis_baseline_K2_nb2-nb2_L50.0_kmeans_glm,5912,51
poisson+zinb,2,100.0,True,True,,-3937.367052572692,7961.581499771664,7894.734105145384,-3937.367052572692,"[0.8347751824088617, 0.16522481759113833]","[{}, {""log_alpha"": 2.168283891692482, ""logit_theta"": -16.50844334209859}]",3.135899960164046,0.8841390233249689,True,0.7710175133405412,0.6687399208737355,True,3.1403712262975643,0.5373815967523681,0.0014238017773426925,-0.6452722398165616,"[5, 0]",0.0,5.0,"[[1, 2, 4, 16, 21], []]","[[""xage"", ""child"", ""disea"", ""logc"", ""site_3""], []]","[{""xage"": 0.24269843473318742, ""child"": -0.021492786925021712, ""disea"": 0.03331348686678137, ""logc"": -0.15497570799798124, ""site_3"": 0.0976152998565803}, {}]","[-1.9112194224918537, 0.902932168719313]",5,0.16522481759113833,93.13023376464844,randhealth_notmdvis_baseline,kmeans_glm,20260850,randhealth_notmdvis_baseline_K2_poisson-zinb_L100.0_kmeans_glm,5912,51
poisson+zinb,2,100.0,True,True,,-3937.367052572692,7961.581499771664,7894.734105145384,-3937.367052572692,"[0.8347751824088617, 0.16522481759113833]","[{}, {""log_alpha"": 2.168283891692482, ""logit_theta"": -16.50844334209859}]",3.135899960164046,0.8841390233249689,True,0.7710175133405412,0.6687399208737355,True,3.1403712262975643,0.5373815967523681,0.0014238017773426925,-0.6452722398165616,"[5, 0]",0.0,5.0,"[[1, 2, 4, 16, 21], []]","[[""xage"", ""child"", ""disea"", ""logc"", ""site_3""], []]","[{""xage"": 0.24269843473318742, ""child"": -0.021492786925021712, ""disea"": 0.03331348686678137, ""logc"": -0.15497570799798124, ""site_3"": 0.0976152998565803}, {}]","[-1.9112194224918537, 0.902932168719313]",5,0.16522481759113833,38.10741949081421,randhealth_notmdvis_baseline,quantile_glm,20260860,randhealth_notmdvis_baseline_K2_poisson-zinb_L100.0_quantile_glm,5912,51
nb2+zinb,2,100.0,True,True,,-3929.788629943755,7963.794133439046,7883.57725988751,-3929.788629943755,"[0.8823156494175375, 0.1176843505824625]","[{""log_alpha"": -9.289505149336856}, {""log_alpha"": 1.9523381108125657, ""logit_theta"": -13.392522141147381}]",3.1352261585513848,0.8832267339570399,True,0.8225380822838435,0.6871503218779171,True,3.1403712262975643,0.5373815967523681,0.001638362911713931,-0.6435745833031223,"[6, 0]",0.0,6.0,"[[1, 2, 4, 9, 16, 21], []]","[[""xage"", ""child"", ""disea"", ""black"", ""logc"", ""site_3""], []]","[{""xage"": 0.2212400583599463, ""child"": -0.04576916431929359, ""disea"": 0.047389027211476795, ""black"": -0.010939174886004183, ""logc"": -0.17173890374368206, ""site_3"": 0.10392826626340076}, {}]","[-1.89590305495663, 1.217505198008442]",11,0.1176843505824625,45.469374895095825,randhealth_notmdvis_baseline,kmeans_glm,20260910,randhealth_notmdvis_baseline_K2_nb2-zinb_L100.0_kmeans_glm,5912,51
poisson+poisson+nb2,3,100.0,True,True,,-3932.964573434884,7970.1460204213045,7889.929146869768,-3932.964573434884,"[0.8508035970140326, 0.049060408448348636, 0.10013599453761879]","[{}, {}, {""log_alpha"": 1.7554659008511935}]",3.1354551571678853,0.8836331073444599,True,0.8085870651210232,0.6821442058925037,True,3.1403712262975643,0.5373815967523681,0.001565442037078868,-0.6443307933964264,"[6, 0, 0]",0.0,6.0,"[[1, 2, 4, 9, 16, 21], [], []]","[[""xage"", ""child"", ""disea"", ""black"", ""logc"", ""site_3""], [], []]","[{""xage"": 0.23426502250124714, ""child"": -0.0371670210908282, ""disea"": 0.04521423948358144, ""black"": -0.005133501463956136, ""logc"": -0.17134737367144018, ""site_3"": 0.1027348843001008}, {}, {}]","[-1.9111744054996587, -1.845989593083667, 1.3769742013802078]",4,0.049060408448348636,38.86508917808533,randhealth_notmdvis_baseline,kmeans_glm,20261010,randhealth_notmdvis_baseline_K3_poisson-poisson-nb2_L100.0_kmeans_glm,5912,51
zinb+zinb,2,100.0,False,True,,-3924.3960848532365,7970.378522183266,7876.792169706473,-3924.3960848532365,"[0.8847695541361864, 0.11523044586381352]","[{""log_alpha"": -3.1515759338535387, ""logit_theta"": -15.615095738803388}, {""log_alpha"": 0.36119253002600604, ""logit_theta"": 0.5483925756380339}]",3.134714619361597,0.8819756486536581,True,0.8532454890999094,0.7007850402658796,True,3.1403712262975643,0.5373815967523681,0.00180125422389521,-0.6412464698899674,"[7, 0]",0.0,7.0,"[[1, 2, 4, 9, 12, 16, 21], []]","[[""xage"", ""child"", ""disea"", ""black"", ""fmde"", ""logc"", ""site_3""], []]","[{""xage"": 0.2115350440638214, ""child"": -0.056623601959150394, ""disea"": 0.05209283272080206, ""black"": -0.022026663873332825, ""fmde"": -0.00023345958470599726, ""logc"": -0.1770098838061744, ""site_3"": 0.10437171352786503}, {}]","[-1.8306485173558547, 2.2154516506499062]",11,0.11523044586381352,50.35975098609924,randhealth_notmdvis_baseline,kmeans_glm,20260970,randhealth_notmdvis_baseline_K2_zinb-zinb_L100.0_kmeans_glm,5912,51
poisson+poisson+zinb,3,100.0,True,True,,-3928.7809948486465,7970.4636027114575,7883.561989697293,-3928.7809948486465,"[0.8561099723400747, 0.05013687774534758, 0.0937531499145778]","[{}, {}, {""log_alpha"": 0.03897962894276639, ""logit_theta"": 0.4659232747687228}]",3.1348619126523194,0.8824788885047782,True,0.8460564136992986,0.6977946973292839,True,3.1403712262975643,0.5373815967523681,0.0017543510777037197,-0.6421829363677207,"[6, 0, 0]",0.0,6.0,"[[1, 2, 4, 9, 16, 21], [], []]","[[""xage"", ""child"", ""disea"", ""black"", ""logc"", ""site_3""], [], []]","[{""xage"": 0.2153486394800046, ""child"": -0.05773296914506881, ""disea"": 0.05261649991812806, ""black"": -0.017958137646090333, ""logc"": -0.18188650286720767, ""site_3"": 0.10451478609349357}, {}, {}]","[-1.8424754439626854, -1.689887724248876, 2.363523764955756]",3,0.05013687774534758,40.14982509613037,randhealth_notmdvis_baseline,kmeans_glm,20261050,randhealth_notmdvis_baseline_K3_poisson-poisson-zinb_L100.0_kmeans_glm,5912,51
poisson+nb2+zinb,3,100.0,True,True,,-3925.3796418538377,7972.345636184468,7878.759283707675,-3925.3796418538377,"[0.844879734142373, 0.07381476894121894, 0.08130549691640802]","[{}, {""log_alpha"": 2.7259296213865185}, {""log_alpha"": 0.07145611523418924, ""logit_theta"": 0.7958810414710694}]",3.1348918631912426,0.8813086879938661,True,0.8389676220044401,0.6937075211458031,True,3.1403712262975643,0.5373815967523681,0.0017448138170536032,-0.6400053394459353,"[6, 0, 0]",0.0,6.0,"[[1, 2, 4, 9, 16, 21], [], []]","[[""xage"", ""child"", ""disea"", ""black"", ""logc"", ""site_3""], [], []]","[{""xage"": 0.20837236760589217, ""child"": -0.0573205071839924, ""disea"": 0.05214315494743316, ""black"": -0.01851074458342583, ""logc"": -0.17626885590167787, ""site_3"": 0.10205419143069605}, {}, {}]","[-1.8052932328737277, 0.7170494496641899, 2.239722258336106]",3,0.07381476894121894,40.81321954727173,randhealth_notmdvis_baseline,kmeans_glm,20261110,randhealth_notmdvis_baseline_K3_poisson-nb2-zinb_L100.0_kmeans_glm,5912,51
poisson+zip+zinb,3,100.0,True,True,,-3926.5775715775417,7974.741495631876,7881.155143155083,-3926.5775715775417,"[0.8473178163874377, 0.0629047116356067, 0.08977747197695557]","[{}, {""logit_theta"": 2.551218222040955}, {""log_alpha"": -0.03279522253940051, ""logit_theta"": 0.5207273143222585}]",3.134790159465269,0.8820355536277777,True,0.8459914763996845,0.6976965157508367,True,3.1403712262975643,0.5373815967523681,0.0017771997098811054,-0.6413579455610394,"[6, 0, 0]",0.0,6.0,"[[1, 2, 4, 9, 16, 21], [], []]","[[""xage"", ""child"", ""disea"", ""black"", ""logc"", ""site_3""], [], []]","[{""xage"": 0.2051758621527635, ""child"": -0.058555041221630466, ""disea"": 0.0528714574445579, ""black"": -0.020861679909419673, ""logc"": -0.17608555525405747, ""site_3"": 0.10163038725487805}, {}, {}]","[-1.7869137867227187, 0.7469159605611309, 2.4225670950500104]",3,0.0629047116356067,35.23444485664368,randhealth_notmdvis_baseline,kmeans_glm,20261150,randhealth_notmdvis_baseline_K3_poisson-zip-zinb_L100.0_kmeans_glm,5912,51
poisson+poisson+nb2,3,50.0,True,True,,-3892.1159054949458,7975.296079167709,7828.2318109898915,-3892.1159054949458,"[0.8493966439188169, 0.05000185281091998, 0.10060150327026333]","[{}, {}, {""log_alpha"": 1.7891263197009477}]",3.1325259933665173,0.8786676345916014,True,1.1166203684013931,0.7840350900183891,True,3.1403712262975643,0.5373815967523681,0.002498186477238984,-0.6350906690920828,"[16, 0, 0]",0.0,16.0,"[[1, 2, 4, 9, 12, 15, 16, 17, 20, 21, 22, 23, 27, 42, 43, 46], [], []]","[[""xage"", ""child"", ""disea"", ""black"", ""fmde"", ""coins"", ""logc"", ""mhi"", ""plan_16"", ""site_3"", ""female"", ""site_4"", ""hlthp"", ""plan_2"", ""plan_17"", ""plan_7""], [], []]","[{""xage"": 0.24257388130799828, ""child"": -0.10395914294476347, ""disea"": 0.06769520601187595, ""black"": -0.08102577782471787, ""fmde"": -0.06460868763461852, ""coins"": -0.03335517736151525, ""logc"": -0.1818269328438296, ""mhi"": -0.007184550161356857, ""plan_16"": -0.005963283066485551, ""site_3"": 0.15814035572449506, ""female"": 0.05810146283537537, ""site_4"": -0.05179839680919261, ""hlthp"": 0.01875915366510558, ""plan_2"": 0.04743084415592529, ""plan_17"": 0.02758337141909531, ""plan_7"": 0.05582785735457224}, {}, {}]","[-1.9738617122589825, -1.6725264383821479, 1.3678104305383463]",4,0.05000185281091998,67.88721966743469,randhealth_notmdvis_baseline,kmeans_glm,20261009,randhealth_notmdvis_baseline_K3_poisson-poisson-nb2_L50.0_kmeans_glm,5912,51
poisson+nb2,2,50.0,True,True,,-3892.2844939553065,7975.63325608843,7828.568987910613,-3892.2844939553065,"[0.8335756038720753, 0.16642439612792467]","[{}, {""log_alpha"": 2.2281802074214356}]",3.1320668825427718,0.8730459316344015,True,1.0416079462247503,0.7756860595379772,True,3.1403712262975643,0.5373815967523681,0.002644382831319958,-0.6246293823804159,"[16, 2]",1.0,16.0,"[[1, 2, 4, 9, 12, 15, 16, 17, 20, 21, 22, 23, 27, 42, 43, 46], [1, 3]]","[[""xage"", ""child"", ""disea"", ""black"", ""fmde"", ""coins"", ""logc"", ""mhi"", ""plan_16"", ""site_3"", ""female"", ""site_4"", ""hlthp"", ""plan_2"", ""plan_17"", ""plan_7""], [""xage"", ""physlm""]]","[{""xage"": 0.24210585541828056, ""child"": -0.09216976448831177, ""disea"": 0.06541339831241866, ""black"": -0.07382574520402674, ""fmde"": -0.050457621763905, ""coins"": -0.02990668292726384, ""logc"": -0.18270043825010576, ""mhi"": -0.0066612640701654855, ""plan_16"": -0.010582718400552636, ""site_3"": 0.1522058510109381, ""female"": 0.056295725275217326, ""site_4"": -0.053264913464974736, ""hlthp"": 0.0027555785431536135, ""plan_2"": 0.04023168999917138, ""plan_17"": 0.030787062963191836, ""plan_7"": 0.05657060467722563}, {""xage"": 0.005715498457689927, ""physlm"": 0.024792740372503667}]","[-1.9419435011771946, 0.8669199542927045]",6,0.16642439612792467,61.754870653152466,randhealth_notmdvis_baseline,kmeans_glm,20260809,randhealth_notmdvis_baseline_K2_poisson-nb2_L50.0_kmeans_glm,5912,51
poisson+nb2,2,50.0,True,True,,-3892.2844939553065,7975.63325608843,7828.568987910613,-3892.2844939553065,"[0.8335756038720753, 0.16642439612792467]","[{}, {""log_alpha"": 2.2281802074214356}]",3.1320668825427718,0.8730459316344015,True,1.0416079462247503,0.7756860595379772,True,3.1403712262975643,0.5373815967523681,0.002644382831319958,-0.6246293823804159,"[16, 2]",1.0,16.0,"[[1, 2, 4, 9, 12, 15, 16, 17, 20, 21, 22, 23, 27, 42, 43, 46], [1, 3]]","[[""xage"", ""child"", ""disea"", ""black"", ""fmde"", ""coins"", ""logc"", ""mhi"", ""plan_16"", ""site_3"", ""female"", ""site_4"", ""hlthp"", ""plan_2"", ""plan_17"", ""plan_7""], [""xage"", ""physlm""]]","[{""xage"": 0.24210585541828056, ""child"": -0.09216976448831177, ""disea"": 0.06541339831241866, ""black"": -0.07382574520402674, ""fmde"": -0.050457621763905, ""coins"": -0.02990668292726384, ""logc"": -0.18270043825010576, ""mhi"": -0.0066612640701654855, ""plan_16"": -0.010582718400552636, ""site_3"": 0.1522058510109381, ""female"": 0.056295725275217326, ""site_4"": -0.053264913464974736, ""hlthp"": 0.0027555785431536135, ""plan_2"": 0.04023168999917138, ""plan_17"": 0.030787062963191836, ""plan_7"": 0.05657060467722563}, {""xage"": 0.005715498457689927, ""physlm"": 0.024792740372503667}]","[-1.9419435011771946, 0.8669199542927045]",6,0.16642439612792467,52.780484437942505,randhealth_notmdvis_baseline,quantile_glm,20260819,randhealth_notmdvis_baseline_K2_poisson-nb2_L50.0_quantile_glm,5912,51
zinb+zinb,2,50.0,False,True,,-3889.041753501456,7977.832514643356,7824.083507002912,-3889.041753501456,"[0.8839854680903367, 0.11601453190966324]","[{""log_alpha"": -29.33861714951446, ""logit_theta"": -14.555863921304665}, {""log_alpha"": 1.9824200607307683, ""logit_theta"": -13.823279858034187}]",3.132197329821343,0.8779783648136907,True,1.1481852733487823,0.7948425981583246,True,3.1403712262975643,0.5373815967523681,0.002602844022952744,-0.6338080241669939,"[16, 0]",0.0,16.0,"[[1, 2, 4, 9, 12, 15, 16, 17, 20, 21, 22, 23, 27, 42, 43, 46], []]","[[""xage"", ""child"", ""disea"", ""black"", ""fmde"", ""coins"", ""logc"", ""mhi"", ""plan_16"", ""site_3"", ""female"", ""site_4"", ""hlthp"", ""plan_2"", ""plan_17"", ""plan_7""], []]","[{""xage"": 0.22911857470326824, ""child"": -0.10348774847024872, ""disea"": 0.06509260422670463, ""black"": -0.08554274935408152, ""fmde"": -0.04015962627865491, ""coins"": -0.038593541678944604, ""logc"": -0.19631987087878508, ""mhi"": -0.01369978770091466, ""plan_16"": -0.010559353554947476, ""site_3"": 0.15282106139611445, ""female"": 0.058316618704823894, ""site_4"": -0.05392160588780111, ""hlthp"": 0.020383833709474355, ""plan_2"": 0.04836445814348602, ""plan_17"": 0.027810167915705994, ""plan_7"": 0.05223210643408957}, {}]","[-1.9362150609906497, 1.2237402831751873]",13,0.11601453190966324,74.35590744018555,randhealth_notmdvis_baseline,kmeans_glm,20260969,randhealth_notmdvis_baseline_K2_zinb-zinb_L50.0_kmeans_glm,5912,51
poisson+nb2+zip,3,100.0,True,True,,-3932.7424164414633,7978.386445897091,7891.484832882927,-3932.7424164414633,"[0.8419447055829938, 0.0955846961194338, 0.06247059829757227]","[{}, {""log_alpha"": 1.7936723618437163}, {""logit_theta"": 2.7519328349964987}]",3.1353068374099524,0.8833224448247723,True,0.8149733265778717,0.6846261853987915,True,3.1403712262975643,0.5373815967523681,0.0016126720450125864,-0.6437526892678798,"[6, 0, 0]",0.0,6.0,"[[1, 2, 4, 9, 16, 21], [], []]","[[""xage"", ""child"", ""disea"", ""black"", ""logc"", ""site_3""], [], []]","[{""xage"": 0.22287256927530996, ""child"": -0.042156792966430406, ""disea"": 0.04651673196887876, ""black"": -0.009214809812498698, ""logc"": -0.16862925387480934, ""site_3"": 0.10112586527706174}, {}, {}]","[-1.8524128700303446, 1.4032193074413373, 0.9114410381370346]",4,0.06247059829757227,34.45070958137512,randhealth_notmdvis_baseline,kmeans_glm,20261090,randhealth_notmdvis_baseline_K3_poisson-nb2-zip_L100.0_kmeans_glm,5912,51
zip+zinb,2,50.0,True,True,,-3893.7293916419526,7978.523051461722,7831.458783283905,-3893.7293916419526,"[0.8117908717606059, 0.188209128239394]","[{""logit_theta"": -18.18236142996161}, {""log_alpha"": 2.429071970259954, ""logit_theta"": -15.318256986430276}]",3.1328336419733223,0.8736811008565535,True,1.0288038089100031,0.7631188970133832,True,3.1403712262975643,0.5373815967523681,0.002400220795911623,-0.6258113529316789,"[16, 0]",0.0,16.0,"[[1, 2, 4, 9, 12, 15, 16, 17, 20, 21, 22, 23, 27, 42, 43, 46], []]","[[""xage"", ""child"", ""disea"", ""black"", ""fmde"", ""coins"", ""logc"", ""mhi"", ""plan_16"", ""site_3"", ""female"", ""site_4"", ""hlthp"", ""plan_2"", ""plan_17"", ""plan_7""], []]","[{""xage"": 0.2420121512422948, ""child"": -0.09389999989082848, ""disea"": 0.06656651650379086, ""black"": -0.07628278437124991, ""fmde"": -0.04467514404473227, ""coins"": -0.031779641340808185, ""logc"": -0.1914002086536785, ""mhi"": -0.00815933977350325, ""plan_16"": -0.009797497199764636, ""site_3"": 0.15174761045682073, ""female"": 0.056414812395119876, ""site_4"": -0.05333139717733219, ""hlthp"": 0.006539690064286117, ""plan_2"": 0.044358083242036224, ""plan_17"": 0.028828605912924465, ""plan_7"": 0.054038454794313795}, {}]","[-1.9034569466122306, 0.7392377460117201]",8,0.188209128239394,96.10266900062561,randhealth_notmdvis_baseline,quantile_glm,20260959,randhealth_notmdvis_baseline_K2_zip-zinb_L50.0_quantile_glm,5912,51
poisson+nb2+zinb,3,50.0,True,True,,-3886.1380405944305,7980.709828291934,7820.276081188861,-3886.1380405944305,"[0.8437588579799236, 0.07447116465864365, 0.08176997736143275]","[{}, {""log_alpha"": 2.6862334541743422}, {""log_alpha"": 0.12018408081737106, ""logit_theta"": 0.7633266358847709}]",3.1322537176740055,0.8767635924780244,True,1.1020482870554356,0.7838077192707676,True,3.1403712262975643,0.5373815967523681,0.002584888230914406,-0.6315474846490652,"[16, 0, 0]",0.0,16.0,"[[1, 2, 4, 9, 12, 15, 16, 17, 20, 21, 22, 23, 27, 42, 43, 46], [], []]","[[""xage"", ""child"", ""disea"", ""black"", ""fmde"", ""coins"", ""logc"", ""mhi"", ""plan_16"", ""site_3"", ""female"", ""site_4"", ""hlthp"", ""plan_2"", ""plan_17"", ""plan_7""], [], []]","[{""xage"": 0.22205988791502707, ""child"": -0.10104435780709864, ""disea"": 0.06490709892913032, ""black"": -0.08610896352961234, ""fmde"": -0.07451163010338227, ""coins"": -0.037859054971573936, ""logc"": -0.15500112945793873, ""mhi"": -0.009891461333927211, ""plan_16"": -0.01244680667934089, ""site_3"": 0.1455514769299261, ""female"": 0.057007443390269655, ""site_4"": -0.05645460209650706, ""hlthp"": 0.017602620970700558, ""plan_2"": 0.048464773069137886, ""plan_17"": 0.03321519584128768, ""plan_7"": 0.05603950083533443}, {}, {}]","[-1.8679090342475129, 0.7284228546523845, 2.205449729582626]",4,0.07447116465864365,64.91567039489746,randhealth_notmdvis_baseline,kmeans_glm,20261109,randhealth_notmdvis_baseline_K3_poisson-nb2-zinb_L50.0_kmeans_glm,5912,51
nb2+nb2+nb2,3,100.0,False,True,,-3929.8150314930595,7981.216415462912,7887.630062986119,-3929.8150314930595,"[0.881204503574422, 0.05939774821278899, 0.05939774821278899]","[{""log_alpha"": -8.092368765089505}, {""log_alpha"": 1.9863250369981318}, {""log_alpha"": 1.9863250369981318}]",3.1351911590031247,0.8830148471855828,True,0.8253129552193027,0.6881205689115764,True,3.1403712262975643,0.5373815967523681,0.0016495079470418839,-0.6431802884989504,"[6, 0, 0]",0.0,6.0,"[[1, 2, 4, 9, 16, 21], [], []]","[[""xage"", ""child"", ""disea"", ""black"", ""logc"", ""site_3""], [], []]","[{""xage"": 0.22209951924259735, ""child"": -0.04486371776456727, ""disea"": 0.04775501823782993, ""black"": -0.011695705188923267, ""logc"": -0.1723975442054572, ""site_3"": 0.10427013468398127}, {}, {}]","[-1.890803532453502, 1.2060722802155135, 1.2060722802155135]",12,0.05939774821278899,78.94197130203247,randhealth_notmdvis_baseline,kmeans_glm,20261190,randhealth_notmdvis_baseline_K3_nb2-nb2-nb2_L100.0_kmeans_glm,5912,51
poisson+nb2+nb2,3,50.0,True,True,,-3890.833240281654,7981.415488203753,7827.666480563308,-3890.833240281654,"[0.8405741149804484, 0.07971294250977577, 0.07971294250977577]","[{}, {""log_alpha"": 2.3646876852466328}, {""log_alpha"": 2.3646876852466328}]",3.1322563796894882,0.8780798323527912,True,1.1222884272207707,0.787677402602855,True,3.1403712262975643,0.5373815967523681,0.002584040555499323,-0.6339968425778097,"[16, 0, 0]",0.0,16.0,"[[1, 2, 4, 9, 12, 15, 16, 17, 20, 21, 22, 23, 27, 42, 43, 46], [], []]","[[""xage"", ""child"", ""disea"", ""black"", ""fmde"", ""coins"", ""logc"", ""mhi"", ""plan_16"", ""site_3"", ""female"", ""site_4"", ""hlthp"", ""plan_2"", ""plan_17"", ""plan_7""], [], []]","[{""xage"": 0.23083340553292742, ""child"": -0.10185931979821716, ""disea"": 0.06651732227058049, ""black"": -0.08424754844110727, ""fmde"": -0.07466510110144176, ""coins"": -0.036355093910520886, ""logc"": -0.16264418591998778, ""mhi"": -0.009789986374504013, ""plan_16"": -0.011050947557342426, ""site_3"": 0.1499948527323831, ""female"": 0.05809601216007017, ""site_4"": -0.055569250828260794, ""hlthp"": 0.018971169042609978, ""plan_2"": 0.04828556016535269, ""plan_17"": 0.032319550523314144, ""plan_7"": 0.0566821370548124}, {}, {}]","[-1.8974593734004752, 0.9100649483877494, 0.9100649483877494]",4,0.07971294250977577,55.840091943740845,randhealth_notmdvis_baseline,kmeans_glm,20261069,randhealth_notmdvis_baseline_K3_poisson-nb2-nb2_L50.0_kmeans_glm,5912,51
poisson+zinb+zinb,3,100.0,True,True,,-3925.6663024327563,7981.603696804933,7881.332604865513,-3925.6663024327563,"[0.8452834249481459, 0.0773582875259271, 0.0773582875259271]","[{}, {""log_alpha"": 0.5662299573349758, ""logit_theta"": 0.8156145865616649}, {""log_alpha"": 0.5662299573349758, ""logit_theta"": 0.8156145865616649}]",3.1349134285134217,0.8786822295561275,True,0.8336159953539204,0.6891777484629423,True,3.1403712262975643,0.5373815967523681,0.0017379466919194009,-0.6351178284972696,"[6, 0, 0]",0.0,6.0,"[[1, 2, 4, 9, 16, 21], [], []]","[[""xage"", ""child"", ""disea"", ""black"", ""logc"", ""site_3""], [], []]","[{""xage"": 0.2084891338975452, ""child"": -0.05651879393154169, ""disea"": 0.051917773508358245, ""black"": -0.018216592879050086, ""logc"": -0.1755074909713115, ""site_3"": 0.10178723647205334}, {}, {}]","[-1.805463125606229, 2.0924029804679103, 2.0924029804679103]",3,0.0773582875259271,44.27209424972534,randhealth_notmdvis_baseline,kmeans_glm,20261170,randhealth_notmdvis_baseline_K3_poisson-zinb-zinb_L100.0_kmeans_glm,5912,51
poisson+nb2+nb2,3,100.0,True,True,,-3939.4010781299803,7983.019029811497,7902.802156259961,-3939.4010781299803,"[0.8188121301832034, 0.04687106252571648, 0.13431680729107998]","[{}, {""log_alpha"": 3.1803715394123167}, {""log_alpha"": 2.006967267547204}]",3.1359437422532332,0.8850510043370414,True,0.7688441159244754,0.6695793339403633,True,3.1403712262975643,0.5373815967523681,0.0014098600850928067,-0.6469693225182842,"[5, 0, 0]",0.0,5.0,"[[1, 2, 4, 16, 21], [], []]","[[""xage"", ""child"", ""disea"", ""logc"", ""site_3""], [], []]","[{""xage"": 0.24701958530858398, ""child"": -0.01578221964044628, ""disea"": 0.03222646782294028, ""logc"": -0.1549434464326004, ""site_3"": 0.09589848358836908}, {}, {}]","[-1.8972118082161888, 0.8017406622059889, 0.8203681995767484]",6,0.04687106252571648,37.31296396255493,randhealth_notmdvis_baseline,kmeans_glm,20261070,randhealth_notmdvis_baseline_K3_poisson-nb2-nb2_L100.0_kmeans_glm,5912,51
poisson+nb2+nb2,3,100.0,True,True,,-3939.4010781299803,7983.019029811497,7902.802156259961,-3939.4010781299803,"[0.8188121301832034, 0.04687106252571648, 0.13431680729107998]","[{}, {""log_alpha"": 3.1803715394123167}, {""log_alpha"": 2.006967267547204}]",3.1359437422532332,0.8850510043370414,True,0.7688441159244754,0.6695793339403633,True,3.1403712262975643,0.5373815967523681,0.0014098600850928067,-0.6469693225182842,"[5, 0, 0]",0.0,5.0,"[[1, 2, 4, 16, 21], [], []]","[[""xage"", ""child"", ""disea"", ""logc"", ""site_3""], [], []]","[{""xage"": 0.24701958530858398, ""child"": -0.01578221964044628, ""disea"": 0.03222646782294028, ""logc"": -0.1549434464326004, ""site_3"": 0.09589848358836908}, {}, {}]","[-1.8972118082161888, 0.8017406622059889, 0.8203681995767484]",6,0.04687106252571648,41.406002044677734,randhealth_notmdvis_baseline,quantile_glm,20261080,randhealth_notmdvis_baseline_K3_poisson-nb2-nb2_L100.0_quantile_glm,5912,51
zip+zinb,2,100.0,True,True,,-3939.5287268488673,7983.274327249271,7903.057453697735,-3939.5287268488673,"[0.8567046550180235, 0.14329534498197657]","[{""logit_theta"": -1.531356166740455}, {""log_alpha"": 2.1903494457178163, ""logit_theta"": -18.14550480945006}]",3.135297753402356,0.8861792881737065,True,0.8050009189807177,0.6848648657511717,True,3.1403712262975643,0.5373815967523681,0.001615564699078531,-0.6490689177472309,"[6, 0]",0.0,6.0,"[[1, 2, 4, 9, 16, 21], []]","[[""xage"", ""child"", ""disea"", ""black"", ""logc"", ""site_3""], []]","[{""xage"": 0.21977116508732908, ""child"": -0.03975077955465901, ""disea"": 0.0420633013838905, ""black"": -0.009924015226182498, ""logc"": -0.16493422799387428, ""site_3"": 0.09022697286031642}, {}]","[-1.6353421307547715, 1.0201838842191813]",7,0.14329534498197657,55.073089361190796,randhealth_notmdvis_baseline,kmeans_glm,20260950,randhealth_notmdvis_baseline_K2_zip-zinb_L100.0_kmeans_glm,5912,51
poisson+zinb,2,50.0,True,True,,-3891.947598717855,7983.644205076154,7829.89519743571,-3891.947598717855,"[0.8351688628604687, 0.16483113713953132]","[{}, {""log_alpha"": 2.206412940973344, ""logit_theta"": -15.318086790899999}]",3.1318077384932383,0.8720567794609153,True,1.0482442456197563,0.7781419119851943,True,3.1403712262975643,0.5373815967523681,0.002726903027455818,-0.6227886937906615,"[16, 2]",1.0,16.0,"[[1, 2, 4, 9, 12, 15, 16, 17, 20, 21, 22, 23, 27, 42, 43, 46], [1, 3]]","[[""xage"", ""child"", ""disea"", ""black"", ""fmde"", ""coins"", ""logc"", ""mhi"", ""plan_16"", ""site_3"", ""female"", ""site_4"", ""hlthp"", ""plan_2"", ""plan_17"", ""plan_7""], [""xage"", ""physlm""]]","[{""xage"": 0.24241495553841874, ""child"": -0.09194297166219412, ""disea"": 0.06527640828952525, ""black"": -0.07344137070816159, ""fmde"": -0.04960563765595044, ""coins"": -0.029647231641414473, ""logc"": -0.18346737832302187, ""mhi"": -0.006512587088495726, ""plan_16"": -0.010560643666060075, ""site_3"": 0.1523991025678506, ""female"": 0.05631618723428668, ""site_4"": -0.05316252995813163, ""hlthp"": 0.002432307832354263, ""plan_2"": 0.03962625039535029, ""plan_17"": 0.03076724631568767, ""plan_7"": 0.0566371815896326}, {""xage"": 0.011486749482826353, ""physlm"": 0.02820393134233567}]","[-1.946084363232334, 0.8747103673761812]",6,0.16483113713953132,57.91588497161865,randhealth_notmdvis_baseline,quantile_glm,20260859,randhealth_notmdvis_baseline_K2_poisson-zinb_L50.0_quantile_glm,5912,51
zip+zinb,2,100.0,True,True,,-3939.774731953572,7983.76633745868,7903.549463907144,-3939.774731953572,"[0.8231308268880314, 0.1768691731119687]","[{""logit_theta"": -1.8779634349434473}, {""log_alpha"": 2.4158844945129534, ""logit_theta"": -16.508444283135464}]",3.135374164426485,0.8862729818889228,True,0.8009554866333068,0.6830067092722095,True,3.1403712262975643,0.5373815967523681,0.0015912328546491272,-0.6492432700432205,"[6, 0]",0.0,6.0,"[[1, 2, 4, 9, 16, 21], []]","[[""xage"", ""child"", ""disea"", ""black"", ""logc"", ""site_3""], []]","[{""xage"": 0.2238256037443947, ""child"": -0.036084334490493794, ""disea"": 0.04100816114197897, ""black"": -0.008155274913489746, ""logc"": -0.1636373572475688, ""site_3"": 0.09033786213577111}, {}]","[-1.6606978084037898, 0.8139041366944474]",8,0.1768691731119687,48.77215600013733,randhealth_notmdvis_baseline,quantile_glm,20260960,randhealth_notmdvis_baseline_K2_zip-zinb_L100.0_quantile_glm,5912,51
poisson+nb2+zip,3,50.0,True,True,,-3892.333144518514,7984.415296677473,7830.666289037028,-3892.333144518514,"[0.8420813920917523, 0.09481979133065871, 0.06309881657758891]","[{}, {""log_alpha"": 1.8371378368944715}, {""logit_theta"": 2.557325219451523}]",3.1324226691961274,0.8783193101560931,True,1.0980351843500675,0.7813946573697712,True,3.1403712262975643,0.5373815967523681,0.0025310883741627155,-0.6344424808444515,"[16, 0, 0]",0.0,16.0,"[[1, 2, 4, 9, 12, 15, 16, 17, 20, 21, 22, 23, 27, 42, 43, 46], [], []]","[[""xage"", ""child"", ""disea"", ""black"", ""fmde"", ""coins"", ""logc"", ""mhi"", ""plan_16"", ""site_3"", ""female"", ""site_4"", ""hlthp"", ""plan_2"", ""plan_17"", ""plan_7""], [], []]","[{""xage"": 0.23115923313787107, ""child"": -0.09824965214273246, ""disea"": 0.06513953446001075, ""black"": -0.08235550415120793, ""fmde"": -0.07009104027479923, ""coins"": -0.034874907640267516, ""logc"": -0.16384781727663897, ""mhi"": -0.008946246503285531, ""plan_16"": -0.011133553744725957, ""site_3"": 0.14933038748490302, ""female"": 0.05825448281006336, ""site_4"": -0.0557986726953205, ""hlthp"": 0.017029904224653416, ""plan_2"": 0.04591598615910441, ""plan_17"": 0.03328455114625099, ""plan_7"": 0.05719790661833911}, {}, {}]","[-1.9016829670081885, 1.4009065742852709, 0.970755008065382]",4,0.06309881657758891,73.96121382713318,randhealth_notmdvis_baseline,kmeans_glm,20261089,randhealth_notmdvis_baseline_K3_poisson-nb2-zip_L50.0_kmeans_glm,5912,51
nb2+nb2+nb2,3,50.0,False,True,,-3888.1799438168864,7984.793634736846,7824.359887633773,-3888.1799438168864,"[0.8832150978790644, 0.05839245106046785, 0.05839245106046785]","[{""log_alpha"": -27.631021115928547}, {""log_alpha"": 1.9728267801773225}, {""log_alpha"": 1.9728267801773225}]",3.1323756847939803,0.8778344926105508,True,1.1169230930401517,0.7864355134969975,True,3.1403712262975643,0.5373815967523681,0.002546049790747351,-0.6335402959753151,"[16, 0, 0]",0.0,16.0,"[[1, 2, 4, 9, 12, 15, 16, 17, 20, 21, 22, 23, 27, 42, 43, 46], [], []]","[[""xage"", ""child"", ""disea"", ""black"", ""fmde"", ""coins"", ""logc"", ""mhi"", ""plan_16"", ""site_3"", ""female"", ""site_4"", ""hlthp"", ""plan_2"", ""plan_17"", ""plan_7""], [], []]","[{""xage"": 0.2289368859058666, ""child"": -0.1014011400506134, ""disea"": 0.06492841583185645, ""black"": -0.08346877533417683, ""fmde"": -0.03979560669044206, ""coins"": -0.03722466229189208, ""logc"": -0.19444478976712648, ""mhi"": -0.011512541451901817, ""plan_16"": -0.009077641333294756, ""site_3"": 0.15094604932927888, ""female"": 0.05744578938997697, ""site_4"": -0.0540452642889867, ""hlthp"": 0.01828438592604751, ""plan_2"": 0.04786895740161899, ""plan_17"": 0.028441425179706308, ""plan_7"": 0.05234441310430661}, {}, {}]","[-1.9420327642617308, 1.2188181068742565, 1.2188181068742565]",13,0.05839245106046785,67.50558972358704,randhealth_notmdvis_baseline,kmeans_glm,20261189,randhealth_notmdvis_baseline_K3_nb2-nb2-nb2_L50.0_kmeans_glm,5912,51
nb2+nb2+zip,3,100.0,True,True,,-3932.5461476684604,7986.678647813714,7893.092295336921,-3932.5461476684604,"[0.8639791565604967, 0.07404015801153319, 0.06198068542797019]","[{""log_alpha"": -3.2640777542539614}, {""log_alpha"": 1.3349522498267024}, {""logit_theta"": -15.667754946762187}]",3.1354749502797667,0.8836274758864849,True,0.8062189948230496,0.6812138698609649,True,3.1403712262975643,0.5373815967523681,0.0015591392434104456,-0.6443203139568456,"[6, 0, 0]",0.0,6.0,"[[1, 2, 4, 9, 16, 21], [], []]","[[""xage"", ""child"", ""disea"", ""black"", ""logc"", ""site_3""], [], []]","[{""xage"": 0.23291653216592323, ""child"": -0.04290931266526776, ""disea"": 0.04322141411346431, ""black"": -0.0044948167700648856, ""logc"": -0.17507314888074113, ""site_3"": 0.10470738522301903}, {}, {}]","[-1.9389154399311526, 1.6727224193324177, -1.6732400295686025]",14,0.06198068542797019,77.54023218154907,randhealth_notmdvis_baseline,kmeans_glm,20261210,randhealth_notmdvis_baseline_K3_nb2-nb2-zip_L100.0_kmeans_glm,5912,51
nb2+nb2+zip,3,50.0,True,True,,-3889.766350369213,7987.966447841499,7827.532700738426,-3889.766350369213,"[0.8731060464775118, 0.07263648752138706, 0.05425746600110108]","[{""log_alpha"": -17.563567656212516}, {""log_alpha"": 1.3131042919204343}, {""logit_theta"": -15.17275911716991}]",3.1324357711995248,0.8786055789356361,True,1.1429399662937074,0.791285802518726,True,3.1403712262975643,0.5373815967523681,0.002526916254864342,-0.6349751912708468,"[16, 0, 0]",0.0,16.0,"[[1, 2, 4, 9, 12, 15, 16, 17, 20, 21, 22, 23, 27, 42, 43, 46], [], []]","[[""xage"", ""child"", ""disea"", ""black"", ""fmde"", ""coins"", ""logc"", ""mhi"", ""plan_16"", ""site_3"", ""female"", ""site_4"", ""hlthp"", ""plan_2"", ""plan_17"", ""plan_7""], [], []]","[{""xage"": 0.23896648328800407, ""child"": -0.10709671653885164, ""disea"": 0.06799769957674207, ""black"": -0.0815406173942268, ""fmde"": -0.030435400728153816, ""coins"": -0.03562082541560539, ""logc"": -0.214578133610585, ""mhi"": -0.01002697806967623, ""plan_16"": -0.005470508222609415, ""site_3"": 0.15994079432271757, ""female"": 0.05763229211957188, ""site_4"": -0.051128784913707426, ""hlthp"": 0.020248843866488172, ""plan_2"": 0.04933260421348024, ""plan_17"": 0.023688967622094922, ""plan_7"": 0.05099459815878141}, {}, {}]","[-1.984858033149334, 1.6900318449057883, -1.8317243866232844]",15,0.05425746600110108,100.42839980125427,randhealth_notmdvis_baseline,kmeans_glm,20261209,randhealth_notmdvis_baseline_K3_nb2-nb2-zip_L50.0_kmeans_glm,5912,51
nb2+zinb,2,50.0,True,True,,-3885.7961339935473,7988.710754552795,7821.592267987095,-3885.7961339935473,"[0.8881369171892497, 0.11186308281075029]","[{""log_alpha"": -2.254287018148658}, {""log_alpha"": 0.3181846591397865, ""logit_theta"": 0.5729234011368393}]",3.131608473204769,0.8753343800763542,True,1.1993923549889514,0.800992270422628,True,3.1403712262975643,0.5373815967523681,0.0027903558087067903,-0.6288878989648745,"[18, 1]",1.0,17.0,"[[1, 2, 3, 4, 9, 12, 15, 16, 17, 20, 21, 22, 23, 25, 27, 42, 43, 46], [4]]","[[""xage"", ""child"", ""physlm"", ""disea"", ""black"", ""fmde"", ""coins"", ""logc"", ""mhi"", ""plan_16"", ""site_3"", ""female"", ""site_4"", ""hlthf"", ""hlthp"", ""plan_2"", ""plan_17"", ""plan_7""], [""disea""]]","[{""xage"": 0.21660315067266464, ""child"": -0.10443415122518279, ""physlm"": 0.0038189930969625826, ""disea"": 0.06150232265443205, ""black"": -0.09300452831858382, ""fmde"": -0.041502197624439185, ""coins"": -0.04229284707524414, ""logc"": -0.1904069084592247, ""mhi"": -0.020720280628660593, ""plan_16"": -0.012601488466086951, ""site_3"": 0.14637928422844992, ""female"": 0.05487749054373843, ""site_4"": -0.052585436669971605, ""hlthf"": 0.0005672044103150128, ""hlthp"": 0.023996680041636347, ""plan_2"": 0.04842773173912419, ""plan_17"": 0.026845868858407472, ""plan_7"": 0.048115816574209824}, {""disea"": 0.004955203331519442}]","[-1.8728155380053655, 2.248652378911694]",11,0.11186308281075029,65.82052993774414,randhealth_notmdvis_baseline,kmeans_glm,20260909,randhealth_notmdvis_baseline_K2_nb2-zinb_L50.0_kmeans_glm,5912,51
nb2+nb2+zinb,3,100.0,True,True,,-3929.3777256855974,7989.026543310615,7888.755451371195,-3929.3777256855974,"[0.8880222381364751, 0.04429715129192696, 0.06768061057159787]","[{""log_alpha"": -1.3220383391825323}, {""log_alpha"": 3.0157079224293684}, {""log_alpha"": -0.15011454848143438, ""logit_theta"": 0.20787404320399266}]",3.1345673615574694,0.8827374409017656,True,0.852655552537554,0.7040592296364926,True,3.1403712262975643,0.5373815967523681,0.0018481460699592,-0.6426640700696375,"[6, 0, 0]",0.0,6.0,"[[1, 2, 4, 9, 16, 21], [], []]","[[""xage"", ""child"", ""disea"", ""black"", ""logc"", ""site_3""], [], []]","[{""xage"": 0.20019317874535686, ""child"": -0.06487584800106555, ""disea"": 0.048806756259724346, ""black"": -0.02882442043746715, ""logc"": -0.1797224362580986, ""site_3"": 0.10092890612377883}, {}, {}]","[-1.7938297265599972, -1.318491787730807, 2.5024318804045516]",10,0.04429715129192696,51.3818416595459,randhealth_notmdvis_baseline,kmeans_glm,20261230,randhealth_notmdvis_baseline_K3_nb2-nb2-zinb_L100.0_kmeans_glm,5912,51
poisson+nb2+zinb,3,100.0,True,True,,-3938.2134587932983,7989.328530600761,7902.426917586597,-3938.2134587932983,"[0.8183818604688442, 0.04444532341906399, 0.13717281611209187]","[{}, {""log_alpha"": 2.884675953338657}, {""log_alpha"": 2.076551837250931, ""logit_theta"": -16.48925666189079}]",3.1358888265618665,0.8841874965764058,True,0.771585146232229,0.6692843283556907,True,3.1403712262975643,0.5373815967523681,0.0014273470913763742,-0.6453624424802364,"[5, 0, 0]",0.0,5.0,"[[1, 2, 4, 16, 21], [], []]","[[""xage"", ""child"", ""disea"", ""logc"", ""site_3""], [], []]","[{""xage"": 0.24216710724105173, ""child"": -0.02184076097856802, ""disea"": 0.03381755078018256, ""logc"": -0.15547289508513842, ""site_3"": 0.0970143414513489}, {}, {}]","[-1.8901824628339667, -1.0365126121163597, 1.0493722776909462]",6,0.04444532341906399,44.053969860076904,randhealth_notmdvis_baseline,quantile_glm,20261120,randhealth_notmdvis_baseline_K3_poisson-nb2-zinb_L100.0_quantile_glm,5912,51
poisson+nb2+nb2,3,50.0,True,True,,-3894.807562340937,7989.364132322318,7835.615124681874,-3894.807562340937,"[0.8214910869187293, 0.044956536170427344, 0.13355237691084337]","[{}, {""log_alpha"": 3.329121916307247}, {""log_alpha"": 2.070202343193699}]",3.133069228053937,0.8800168736245808,True,1.017033091286626,0.7647467366644705,True,3.1403712262975643,0.5373815967523681,0.002325202250765823,-0.6376014343306646,"[16, 0, 0]",0.0,16.0,"[[1, 2, 4, 9, 12, 15, 16, 17, 20, 21, 22, 23, 27, 42, 43, 46], [], []]","[[""xage"", ""child"", ""disea"", ""black"", ""fmde"", ""coins"", ""logc"", ""mhi"", ""plan_16"", ""site_3"", ""female"", ""site_4"", ""hlthp"", ""plan_2"", ""plan_17"", ""plan_7""], [], []]","[{""xage"": 0.24255928719865588, ""child"": -0.09181450814107106, ""disea"": 0.06543129702329387, ""black"": -0.07335167566263329, ""fmde"": -0.049361068372533845, ""coins"": -0.02946420166717667, ""logc"": -0.18388904969302414, ""mhi"": -0.006567555382423097, ""plan_16"": -0.010404908423798485, ""site_3"": 0.15209480147864096, ""female"": 0.05597470156451058, ""site_4"": -0.05291660412456421, ""hlthp"": 0.0025005528595155586, ""plan_2"": 0.04009992230734672, ""plan_17"": 0.030349371193348296, ""plan_7"": 0.056092802015046905}, {}, {}]","[-1.9300774872264586, 0.5718036129609307, 0.892220690707949]",7,0.044956536170427344,65.772456407547,randhealth_notmdvis_baseline,quantile_glm,20261079,randhealth_notmdvis_baseline_K3_poisson-nb2-nb2_L50.0_quantile_glm,5912,51
poisson+zinb+zinb,3,50.0,True,True,,-3886.24666884255,7989.611824250801,7822.4933376851,-3886.24666884255,"[0.8443270237011234, 0.07783648814943828, 0.07783648814943828]","[{}, {""log_alpha"": 0.6504089878752305, ""logit_theta"": 0.7529667711819332}, {""log_alpha"": 0.6504089878752305, ""logit_theta"": 0.7529667711819332}]",3.132214926234441,0.8750630749980206,True,1.103848089207935,0.7832390834111126,True,3.1403712262975643,0.5373815967523681,0.0025972407321854796,-0.6283830341165557,"[16, 0, 0]",0.0,16.0,"[[1, 2, 4, 9, 12, 15, 16, 17, 20, 21, 22, 23, 27, 42, 43, 46], [], []]","[[""xage"", ""child"", ""disea"", ""black"", ""fmde"", ""coins"", ""logc"", ""mhi"", ""plan_16"", ""site_3"", ""female"", ""site_4"", ""hlthp"", ""plan_2"", ""plan_17"", ""plan_7""], [], []]","[{""xage"": 0.22153330816370642, ""child"": -0.10146312576815508, ""disea"": 0.06518767172562417, ""black"": -0.08619242193101623, ""fmde"": -0.07491733635370251, ""coins"": -0.03803013320465533, ""logc"": -0.15466491484326075, ""mhi"": -0.010135172485264911, ""plan_16"": -0.012562080235438474, ""site_3"": 0.14515098490591039, ""female"": 0.05729265521856995, ""site_4"": -0.05673227863406703, ""hlthp"": 0.017942144341155538, ""plan_2"": 0.04856076841464905, ""plan_17"": 0.033489757678229634, ""plan_7"": 0.05612091626793764}, {}, {}]","[-1.8650944465368489, 2.050004745731861, 2.050004745731861]",4,0.07783648814943828,51.302841663360596,randhealth_notmdvis_baseline,kmeans_glm,20261169,randhealth_notmdvis_baseline_K3_poisson-zinb-zinb_L50.0_kmeans_glm,5912,51
zinb+zinb,2,100.0,False,True,,-3939.633205461415,7992.168023936994,7905.26641092283,-3939.633205461415,"[0.7939923693086701, 0.20600763069132977]","[{""log_alpha"": -7.64098413787552, ""logit_theta"": -3.739672201255156}, {""log_alpha"": 2.468444525152764, ""logit_theta"": -16.00844397523292}]",3.135727099609106,0.8866842736593348,True,0.7803655667487541,0.6778673536393144,True,3.1403712262975643,0.5373815967523681,0.0014788464018420377,-0.6500086326326682,"[6, 0]",0.0,6.0,"[[1, 2, 4, 9, 16, 21], []]","[[""xage"", ""child"", ""disea"", ""black"", ""logc"", ""site_3""], []]","[{""xage"": 0.23817266755196403, ""child"": -0.021387131329971526, ""disea"": 0.034481397754981935, ""black"": -0.0019188551359404227, ""logc"": -0.15679117712275598, ""site_3"": 0.09118116191792042}, {}]","[-1.7892843359345463, 0.6773278298689872]",8,0.20600763069132977,34.3531551361084,randhealth_notmdvis_baseline,quantile_glm,20260980,randhealth_notmdvis_baseline_K2_zinb-zinb_L100.0_quantile_glm,5912,51
poisson+poisson+nb2,3,50.0,True,True,,-3904.9471463115883,7992.273821338365,7851.894292623177,-3904.9471463115883,"[0.8087456400402684, 0.05784774649616562, 0.13340661346356603]","[{}, {}, {""log_alpha"": 1.989766708225019}]",3.1333002580793874,0.8771320978302835,True,1.0171449928104068,0.7514063766096405,True,3.1403712262975643,0.5373815967523681,0.0022516345070813237,-0.6322332270609492,"[14, 0, 1]",0.0,15.0,"[[1, 2, 4, 9, 12, 15, 16, 20, 21, 22, 23, 42, 43, 46], [], [3]]","[[""xage"", ""child"", ""disea"", ""black"", ""fmde"", ""coins"", ""logc"", ""plan_16"", ""site_3"", ""female"", ""site_4"", ""plan_2"", ""plan_17"", ""plan_7""], [], [""physlm""]]","[{""xage"": 0.27323135547591615, ""child"": -0.09447268745060755, ""disea"": 0.06429178662302537, ""black"": -0.05457552494233664, ""fmde"": -0.016530051078898156, ""coins"": -0.01575907785873132, ""logc"": -0.2330019363748346, ""plan_16"": -0.00026641574054342415, ""site_3"": 0.173329276308527, ""female"": 0.05396486560224491, ""site_4"": -0.03996523489419656, ""plan_2"": 0.022479796256943522, ""plan_17"": 0.015972225371280846, ""plan_7"": 0.05174529576794029}, {}, {""physlm"": 0.018733550889116986}]","[-2.0849252397079177, -0.9564445747517675, 1.0906269345735473]",6,0.05784774649616562,51.86793351173401,randhealth_notmdvis_baseline,quantile_glm,20261019,randhealth_notmdvis_baseline_K3_poisson-poisson-nb2_L50.0_quantile_glm,5912,51
nb2+zip+zinb,3,100.0,True,True,,-3932.3920576526925,7995.055207244805,7894.784115305385,-3932.3920576526925,"[0.8752789306644998, 0.05456658512828569, 0.07015448420721454]","[{""log_alpha"": -1.2412522791351945}, {""logit_theta"": -14.559732232693005}, {""log_alpha"": -0.04934478383208023, ""logit_theta"": 0.07419680745815013}]",3.1348911297906525,0.8835048717061478,True,0.8331450094852936,0.6951479468901202,True,3.1403712262975643,0.5373815967523681,0.0017450473565103763,-0.6440921628979368,"[6, 0, 0]",0.0,6.0,"[[1, 2, 4, 9, 16, 21], [], []]","[[""xage"", ""child"", ""disea"", ""black"", ""logc"", ""site_3""], [], []]","[{""xage"": 0.2068789507266554, ""child"": -0.0639806512716721, ""disea"": 0.04677294877063633, ""black"": -0.021571583231589142, ""logc"": -0.1817819977827871, ""site_3"": 0.10074645890796632}, {}, {}]","[-1.8461102766628048, -1.6271276953227503, 2.425240574751521]",12,0.05456658512828569,77.34598660469055,randhealth_notmdvis_baseline,kmeans_glm,20261270,randhealth_notmdvis_baseline_K3_nb2-zip-zinb_L100.0_kmeans_glm,5912,51
poisson+poisson+nb2,3,100.0,True,True,,-3954.119170911564,7995.085736449409,7928.238341823128,-3954.119170911564,"[0.8025484440954433, 0.06411030003550662, 0.13334125586905005]","[{}, {}, {""log_alpha"": 1.9897803626627204}]",3.1369261565932476,0.8860524129878427,True,0.7013812257063143,0.6416880560973935,True,3.1403712262975643,0.5373815967523681,0.0010970262609297787,-0.6488328188807446,"[4, 0, 0]",0.0,4.0,"[[1, 4, 16, 21], [], []]","[[""xage"", ""disea"", ""logc"", ""site_3""], [], []]","[{""xage"": 0.2692960353064576, ""disea"": 0.00591667539753149, ""logc"": -0.13551682131412482, ""site_3"": 0.0840442019058506}, {}, {}]","[-2.057035052784126, -0.8394864079974343, 1.105063055036318]",6,0.06411030003550662,28.678107738494873,randhealth_notmdvis_baseline,quantile_glm,20261020,randhealth_notmdvis_baseline_K3_poisson-poisson-nb2_L100.0_quantile_glm,5912,51
poisson+nb2+zinb,3,50.0,True,True,,-3893.7532302964582,7995.94020769599,7835.5064605929165,-3893.7532302964582,"[0.8210812729867561, 0.04334668000674925, 0.13557204700649464]","[{}, {""log_alpha"": 3.5414830251573584}, {""log_alpha"": 2.112254601973979, ""logit_theta"": -18.178927866914275}]",3.132964077485031,0.8795006857921592,True,1.0202393492984934,0.7666925123592974,True,3.1403712262975643,0.5373815967523681,0.0023586857345098133,-0.6366408732776976,"[16, 0, 0]",0.0,16.0,"[[1, 2, 4, 9, 12, 15, 16, 17, 20, 21, 22, 23, 27, 42, 43, 46], [], []]","[[""xage"", ""child"", ""disea"", ""black"", ""fmde"", ""coins"", ""logc"", ""mhi"", ""plan_16"", ""site_3"", ""female"", ""site_4"", ""hlthp"", ""plan_2"", ""plan_17"", ""plan_7""], [], []]","[{""xage"": 0.24123322423119642, ""child"": -0.09256691771516967, ""disea"": 0.06565992220995531, ""black"": -0.07482950999046595, ""fmde"": -0.05147385304511132, ""coins"": -0.03060498948747381, ""logc"": -0.18144260165696544, ""mhi"": -0.007155208326451946, ""plan_16"": -0.010632440898510674, ""site_3"": 0.15120524377055783, ""female"": 0.056038366096620176, ""site_4"": -0.0533967608615271, ""hlthp"": 0.0038260803262047385, ""plan_2"": 0.04156196825577608, ""plan_17"": 0.03052596264960622, ""plan_7"": 0.055839644378716025}, {}, {}]","[-1.9186161822900114, -0.039337100180800305, 0.981774613126939]",7,0.04334668000674925,72.76876163482666,randhealth_notmdvis_baseline,quantile_glm,20261119,randhealth_notmdvis_baseline_K3_poisson-nb2-zinb_L50.0_quantile_glm,5912,51
nb2+zinb+zinb,3,100.0,True,True,,-3929.8093503283344,7998.5745320587175,7891.618700656669,-3929.8093503283344,"[0.8821709224588954, 0.05891453877055234, 0.05891453877055234]","[{""log_alpha"": -6.626813367291654}, {""log_alpha"": 1.9538363942829369, ""logit_theta"": -9.773677042919953}, {""log_alpha"": 1.9538363942829369, ""logit_theta"": -9.773677042919953}]",3.1352262792688443,0.8830964754536197,True,0.8223204104779293,0.6869463055913101,True,3.1403712262975643,0.5373815967523681,0.0016383244712077083,-0.6433321885054453,"[6, 0, 0]",0.0,6.0,"[[1, 2, 4, 9, 16, 21], [], []]","[[""xage"", ""child"", ""disea"", ""black"", ""logc"", ""site_3""], [], []]","[{""xage"": 0.22124248425671633, ""child"": -0.04576816032913719, ""disea"": 0.04738394331218096, ""black"": -0.01093622990913258, ""logc"": -0.17173946983464375, ""site_3"": 0.10392342350782546}, {}, {}]","[-1.895758963042647, 1.2158402752164421, 1.2158402752164421]",11,0.05891453877055234,73.78563594818115,randhealth_notmdvis_baseline,kmeans_glm,20261290,randhealth_notmdvis_baseline_K3_nb2-zinb-zinb_L100.0_kmeans_glm,5912,51
poisson+zip+zinb,3,100.0,True,True,,-3942.8614766627416,7998.624566339648,7911.722953325483,-3942.8614766627416,"[0.810771576715936, 0.050910452316557685, 0.13831797096750625]","[{}, {""logit_theta"": -1.467725438351027}, {""log_alpha"": 2.015680691615221, ""logit_theta"": -16.48925657623883}]",3.1362196745286384,0.8851776375939759,True,0.7459987870267099,0.6625847476590154,True,3.1403712262975643,0.5373815967523681,0.001321993952231093,-0.6472049711852645,"[5, 0, 0]",0.0,5.0,"[[1, 2, 4, 16, 21], [], []]","[[""xage"", ""child"", ""disea"", ""logc"", ""site_3""], [], []]","[{""xage"": 0.26270902135329005, ""child"": -0.009480748282568702, ""disea"": 0.02519946314556218, ""logc"": -0.15212913119227087, ""site_3"": 0.09361343845439549}, {}, {}]","[-1.9627303270708356, -1.0733304291915102, 1.0721000900717448]",6,0.050910452316557685,25.774099826812744,randhealth_notmdvis_baseline,quantile_glm,20261160,randhealth_notmdvis_baseline_K3_poisson-zip-zinb_L100.0_quantile_glm,5912,51
poisson+poisson+zinb,3,50.0,True,True,,-3904.8679144833427,8000.800097144503,7853.735828966685,-3904.8679144833427,"[0.8077647638792452, 0.057417650851862116, 0.1348175852688927]","[{}, {}, {""log_alpha"": 1.9941839780160018, ""logit_theta"": -18.17892785798586}]",3.1332221011049413,0.8766296013053012,True,1.0183400671992335,0.7527171454562411,True,3.1403712262975643,0.5373815967523681,0.0022765223209141316,-0.6312981438202521,"[14, 0, 1]",0.0,15.0,"[[1, 2, 4, 9, 12, 15, 16, 20, 21, 22, 23, 42, 43, 46], [], [3]]","[[""xage"", ""child"", ""disea"", ""black"", ""fmde"", ""coins"", ""logc"", ""plan_16"", ""site_3"", ""female"", ""site_4"", ""plan_2"", ""plan_17"", ""plan_7""], [], [""physlm""]]","[{""xage"": 0.27389957746752014, ""child"": -0.09340635311912338, ""disea"": 0.06402693506797397, ""black"": -0.054455708321673124, ""fmde"": -0.017821324300200114, ""coins"": -0.015580037984576856, ""logc"": -0.2314921605013646, ""plan_16"": -0.00035955461646941517, ""site_3"": 0.17316326710708796, ""female"": 0.053934103676809966, ""site_4"": -0.03986260168305766, ""plan_2"": 0.02215071217558884, ""plan_17"": 0.016162527114736647, ""plan_7"": 0.05194880901189558}, {}, {""physlm"": 0.021407556232846178}]","[-2.083955208986351, -0.9636058651302817, 1.0793122152920929]",6,0.057417650851862116,49.36825680732727,randhealth_notmdvis_baseline,quantile_glm,20261059,randhealth_notmdvis_baseline_K3_poisson-poisson-zinb_L50.0_quantile_glm,5912,51
poisson+nb2+zip,3,50.0,True,True,,-3897.12331736375,8002.680381830573,7842.2466347275,-3897.12331736375,"[0.8621587065969668, 0.06997522208927759, 0.06786607131375559]","[{}, {""log_alpha"": 1.4949309966949287}, {""logit_theta"": 0.3016217340965095}]",3.1324605094547437,0.8783948509324585,True,1.0283035243033847,0.7744820272298738,True,3.1403712262975643,0.5373815967523681,0.0025190387609514975,-0.6345830527896426,"[15, 0, 2]",0.0,17.0,"[[1, 2, 4, 9, 12, 15, 16, 17, 20, 21, 22, 23, 42, 43, 46], [], [3, 47]]","[[""xage"", ""child"", ""disea"", ""black"", ""fmde"", ""coins"", ""logc"", ""mhi"", ""plan_16"", ""site_3"", ""female"", ""site_4"", ""plan_2"", ""plan_17"", ""plan_7""], [], [""physlm"", ""year_4""]]","[{""xage"": 0.2553529351014824, ""child"": -0.09115128789284349, ""disea"": 0.061860127606231635, ""black"": -0.06743168023554186, ""fmde"": -0.03937226050563622, ""coins"": -0.022564125044791744, ""logc"": -0.1969510922393172, ""mhi"": -0.005059469620970065, ""plan_16"": -0.009212826563386843, ""site_3"": 0.15779816443772265, ""female"": 0.05470480181628927, ""site_4"": -0.05057403965898953, ""plan_2"": 0.034983442897102264, ""plan_17"": 0.03058387911971494, ""plan_7"": 0.06022034552645242}, {}, {""physlm"": 0.2957117058700788, ""year_4"": 0.1612849308831403}]","[-2.0505234793305354, 1.6801356691183722, 0.1485382662909168]",11,0.06786607131375559,88.4774067401886,randhealth_notmdvis_baseline,quantile_glm,20261099,randhealth_notmdvis_baseline_K3_poisson-nb2-zip_L50.0_quantile_glm,5912,51
zip+zip+zinb,3,100.0,True,True,,-3931.867579650891,8002.690990703831,7895.735159301782,-3931.867579650891,"[0.8765975100897906, 0.050726858133736584, 0.07267563177647299]","[{""logit_theta"": -1.6776304588548798}, {""logit_theta"": 1.9604969663665857}, {""log_alpha"": 1.3054464530062977, ""logit_theta"": -1.2245234035482626}]",3.132818408502957,0.8731502093641945,True,1.3027051214578433,1.0608408780336922,True,3.1403712262975643,0.5373815967523681,0.002405071646103374,-0.6248234302049473,"[6, 1, 0]",0.0,7.0,"[[1, 2, 4, 9, 16, 21], [27], []]","[[""xage"", ""child"", ""disea"", ""black"", ""logc"", ""site_3""], [""hlthp""], []]","[{""xage"": 0.20901806763872133, ""child"": -0.051546836829698364, ""disea"": 0.04743716833053392, ""black"": -0.01788196159175655, ""logc"": -0.17157094106623416, ""site_3"": 0.09450686781198869}, {""hlthp"": 0.2625752644243242}, {}]","[-1.6417128399324763, 2.4525883949929224, 1.66182627778314]",4,0.050726858133736584,97.0666561126709,randhealth_notmdvis_baseline,kmeans_glm,20261330,randhealth_notmdvis_baseline_K3_zip-zip-zinb_L100.0_kmeans_glm,5912,51
poisson+poisson+zinb,3,100.0,True,True,,-3954.274341583923,8004.080817256755,7930.548683167846,-3954.274341583923,"[0.8024256843602575, 0.06385762614024235, 0.1337166894995001]","[{}, {}, {""log_alpha"": 1.9918775602605592, ""logit_theta"": -16.489256368661636}]",3.136933926126568,0.88606700755106,True,0.7009548123343183,0.6414229818127927,True,3.1403712262975643,0.5373815967523681,0.0010945521797589564,-0.6488599775391459,"[4, 0, 0]",0.0,4.0,"[[1, 4, 16, 21], [], []]","[[""xage"", ""disea"", ""logc"", ""site_3""], [], []]","[{""xage"": 0.2691904176804114, ""disea"": 0.005743752989012918, ""logc"": -0.13519068371765994, ""site_3"": 0.08386603257720143}, {}, {}]","[-2.0577987459689093, -0.8333914568060246, 1.102379941626696]",6,0.06385762614024235,27.71992039680481,randhealth_notmdvis_baseline,quantile_glm,20261060,randhealth_notmdvis_baseline_K3_poisson-poisson-zinb_L100.0_quantile_glm,5912,51
zinb+zinb,2,50.0,False,True,,-3893.6465772919873,8004.411641149675,7837.293154583975,-3893.6465772919873,"[0.788800199794246, 0.21119980020575402]","[{""log_alpha"": -13.940345913734614, ""logit_theta"": -5.857890205924108}, {""log_alpha"": 2.4452738678326025, ""logit_theta"": -15.361808170596332}]",3.1309012061310213,0.866504821906864,True,1.0705704456827487,0.7935609939449716,True,3.1403712262975643,0.5373815967523681,0.0030155734733654516,-0.6124571945588226,"[16, 2]",1.0,16.0,"[[1, 2, 4, 9, 12, 15, 16, 17, 20, 21, 22, 23, 27, 42, 43, 46], [1, 3]]","[[""xage"", ""child"", ""disea"", ""black"", ""fmde"", ""coins"", ""logc"", ""mhi"", ""plan_16"", ""site_3"", ""female"", ""site_4"", ""hlthp"", ""plan_2"", ""plan_17"", ""plan_7""], [""xage"", ""physlm""]]","[{""xage"": 0.2454128662934122, ""child"": -0.0919388333805729, ""disea"": 0.06556351323794668, ""black"": -0.07137171449466195, ""fmde"": -0.04139749978776437, ""coins"": -0.02826090387252457, ""logc"": -0.19412040788135201, ""mhi"": -0.0054501322605609035, ""plan_16"": -0.008143667284841683, ""site_3"": 0.1533140013027663, ""female"": 0.05530067399959618, ""site_4"": -0.050998805099115974, ""hlthp"": 0.0022415562164844883, ""plan_2"": 0.03834071782993274, ""plan_17"": 0.027457232852975452, ""plan_7"": 0.05397663683356255}, {""xage"": 0.03649618173700736, ""physlm"": 0.03762925750393791}]","[-1.9053236372415323, 0.6154647390305993]",8,0.21119980020575402,67.8393349647522,randhealth_notmdvis_baseline,quantile_glm,20260979,randhealth_notmdvis_baseline_K2_zinb-zinb_L50.0_quantile_glm,5912,51
poisson+nb2+zip,3,100.0,True,True,,-3958.9005058461657,8004.648406318612,7937.8010116923315,-3958.9005058461657,"[0.8383470818095037, 0.0771384477955078, 0.0845144703949886]","[{}, {""log_alpha"": 1.4204994215363445}, {""logit_theta"": -15.58068792647242}]",3.137143915496044,0.8864414381666563,True,0.6954381607949084,0.6357898650163475,True,3.1403712262975643,0.5373815967523681,0.0010276844898128301,-0.6495567461256759,"[3, 0, 0]",0.0,3.0,"[[1, 16, 21], [], []]","[[""xage"", ""logc"", ""site_3""], [], []]","[{""xage"": 0.27350017850374886, ""logc"": -0.13166083918315477, ""site_3"": 0.08615231279216012}, {}, {}]","[-2.159128962215322, 1.6274611139342234, -0.6581123943762043]",8,0.0771384477955078,60.81950092315674,randhealth_notmdvis_baseline,quantile_glm,20261100,randhealth_notmdvis_baseline_K3_poisson-nb2-zip_L100.0_quantile_glm,5912,51
