families,K,lambda,nonidentical,converged,error,loglik_train,bic,aic,test_loglik,pi,test_rmse,test_mae,active_counts,shared_active,symmetric_diff,active_sets,active_features,active_coefficients,component_intercepts,n_iter,min_pi,seconds,dataset,init,task_id
beta+beta+lognormal,3,5.0,True,True,,1169.2912847499454,-1731.2296953141122,-2162.5825694998907,1135.8546172071935,"[0.06348774758668346, 0.4864124481015512, 0.4500998043117654]",0.13983636358046667,0.09700354051542945,"[16, 33, 31]",13.0,23.0,"[[1, 2, 4, 5, 7, 10, 11, 13, 22, 26, 31, 34, 36, 37, 39, 40], [1, 2, 3, 5, 6, 7, 8, 9, 10, 11, 13, 14, 15, 16, 17, 18, 19, 21, 22, 23, 26, 27, 28, 29, 31, 33, 34, 35, 36, 37, 38, 39, 40], [1, 2, 3, 4, 5, 6, 7, 8, 10, 13, 14, 15, 16, 17, 18, 19, 20, 22, 26, 27, 28, 29, 31, 32, 33, 34, 35, 36, 38, 39, 40]]","[[""x45"", ""x51"", ""x4"", ""x46"", ""x3"", ""x41"", ""x42"", ""x39"", ""x69"", ""x72"", ""x79"", ""x21"", ""x91"", ""x38"", ""x87"", ""x73""], [""x45"", ""x51"", ""x44"", ""x46"", ""x47"", ""x3"", ""x16"", ""x18"", ""x41"", ""x42"", ""x39"", ""x29"", ""x33"", ""x78"", ""x31"", ""x75"", ""x70"", ""x74"", ""x69"", ""x28"", ""x72"", ""x30"", ""x63"", ""x90"", ""x79"", ""x71"", ""x21"", ""x121"", ""x91"", ""x38"", ""x34"", ""x87"", ""x73""], [""x45"", ""x51"", ""x44"", ""x4"", ""x46"", ""x47"", ""x3"", ""x16"", ""x41"", ""x39"", ""x29"", ""x33"", ""x78"", ""x31"", ""x75"", ""x70"", ""x50"", ""x69"", ""x72"", ""x30"", ""x63"", ""x90"", ""x79"", ""x11"", ""x71"", ""x21"", ""x121"", ""x91"", ""x34"", ""x87"", ""x73""]]","[{""x45"": -0.0009577381487282186, ""x51"": 0.037644723508109296, ""x4"": -0.007619630487582074, ""x46"": -0.012130542696284633, ""x3"": 0.46043048295708916, ""x41"": 0.2195802199282579, ""x42"": 0.2261843601310691, ""x39"": 0.24467827594000588, ""x69"": 0.18393768531638074, ""x72"": 0.014242557453786352, ""x79"": -0.007898764969434304, ""x21"": 0.11989175440666693, ""x91"": 0.06651499417484313, ""x38"": 0.03300778988295643, ""x87"": 0.17968525921431466, ""x73"": -0.024734927214162487}, {""x45"": -0.07202842882077354, ""x51"": 0.15537296038934414, ""x44"": 0.06081590098867653, ""x46"": -0.016100274415249624, ""x47"": 0.04066576798113159, ""x3"": 0.35618670689885595, ""x16"": -0.46297681191899975, ""x18"": 0.13436411211700014, ""x41"": 0.11789793604157423, ""x42"": 0.012245230782487758, ""x39"": 0.04804735377421454, ""x29"": -0.1137698059782021, ""x33"": -0.04478154906563455, ""x78"": -0.03779080554449583, ""x31"": 0.032056781483659515, ""x75"": 0.09480555717617128, ""x70"": 0.12452746281024346, ""x74"": 0.04039257514347108, ""x69"": 0.1236916597112638, ""x28"": -0.14077764526798828, ""x72"": 0.06729600943006064, ""x30"": 0.028114884075710944, ""x63"": -0.03101717835575671, ""x90"": 0.045860553956193116, ""x79"": -0.08570522552405577, ""x71"": -0.01924089263511398, ""x21"": 0.05085786918733825, ""x121"": 0.10109482916898227, ""x91"": 0.1255123824046689, ""x38"": 0.1671522734272988, ""x34"": -0.11970302835867654, ""x87"": 0.12052893203536982, ""x73"": -0.057304314479525394}, {""x45"": -0.6026263177954047, ""x51"": 0.00020422666338336916, ""x44"": -0.00020602187498691598, ""x4"": -0.15587903145627025, ""x46"": -8.823463853691746e-05, ""x47"": 0.058442274652182116, ""x3"": -0.09585025519380369, ""x16"": -0.2183586601167566, ""x41"": 1.395188554402196e-05, ""x39"": 0.10828859700635626, ""x29"": -0.052491628325893505, ""x33"": -0.10700827571337573, ""x78"": -0.026668866613000733, ""x31"": -0.005446501858935477, ""x75"": 0.022254820058032625, ""x70"": 0.033394238717453256, ""x50"": -0.14069512927936995, ""x69"": 0.26517036700063185, ""x72"": 0.08129801226068087, ""x30"": -0.07705706871899469, ""x63"": -0.00010064164916071672, ""x90"": 0.03272693472869065, ""x79"": -0.07640481237765727, ""x11"": 0.18886226950995266, ""x71"": 0.016678292453119505, ""x21"": 0.10348585371912199, ""x121"": 0.03440266928527025, ""x91"": -0.026751942989362853, ""x34"": 0.0004069523369957126, ""x87"": 0.0463161968598278, ""x73"": -0.03841418740342575}]","[-0.3179303149582907, -1.2528254691195098, -2.123566473448697]",7,0.06348774758668346,118.66212368011475,crime_beta,kmeans_glm,crime_beta_K3_beta-beta-lognormal_L5.0_kmeans_glm
beta+beta+lognormal,3,1.0,True,True,,1174.8234745275638,-1576.6523819095914,-2125.6469490551276,1132.8635155167913,"[0.4655573975936553, 0.06104850711123889, 0.4733940952951057]",0.1415514315766244,0.09726159872152376,"[40, 26, 38]",25.0,15.0,"[[1, 2, 3, 4, 5, 6, 7, 8, 9, 10, 11, 12, 13, 14, 15, 16, 17, 18, 19, 20, 21, 22, 23, 24, 25, 26, 27, 28, 29, 30, 31, 32, 33, 34, 35, 36, 37, 38, 39, 40], [1, 2, 5, 6, 7, 10, 11, 12, 13, 14, 15, 16, 19, 20, 22, 24, 26, 27, 29, 31, 33, 34, 35, 36, 37, 39], [1, 2, 3, 4, 5, 6, 7, 8, 9, 10, 11, 12, 13, 14, 15, 16, 17, 18, 19, 20, 21, 22, 23, 24, 25, 26, 27, 28, 29, 31, 32, 33, 34, 35, 37, 38, 39, 40]]","[[""x45"", ""x51"", ""x44"", ""x4"", ""x46"", ""x47"", ""x3"", ""x16"", ""x18"", ""x41"", ""x42"", ""x68"", ""x39"", ""x29"", ""x33"", ""x78"", ""x31"", ""x75"", ""x70"", ""x50"", ""x74"", ""x69"", ""x28"", ""x20"", ""x13"", ""x72"", ""x30"", ""x63"", ""x90"", ""x1"", ""x79"", ""x11"", ""x71"", ""x21"", ""x121"", ""x91"", ""x38"", ""x34"", ""x87"", ""x73""], [""x45"", ""x51"", ""x46"", ""x47"", ""x3"", ""x41"", ""x42"", ""x68"", ""x39"", ""x29"", ""x33"", ""x78"", ""x70"", ""x50"", ""x69"", ""x20"", ""x72"", ""x30"", ""x90"", ""x79"", ""x71"", ""x21"", ""x121"", ""x91"", ""x38"", ""x87""], [""x45"", ""x51"", ""x44"", ""x4"", ""x46"", ""x47"", ""x3"", ""x16"", ""x18"", ""x41"", ""x42"", ""x68"", ""x39"", ""x29"", ""x33"", ""x78"", ""x31"", ""x75"", ""x70"", ""x50"", ""x74"", ""x69"", ""x28"", ""x20"", ""x13"", ""x72"", ""x30"", ""x63"", ""x90"", ""x79"", ""x11"", ""x71"", ""x21"", ""x121"", ""x38"", ""x34"", ""x87"", ""x73""]]","[{""x45"": -0.4746696921167782, ""x51"": 0.17848887204849861, ""x44"": -0.07545420623217261, ""x4"": -0.11453946913834269, ""x46"": -0.2193945728414703, ""x47"": 0.1117723432314051, ""x3"": 0.1831255213793587, ""x16"": -0.49999711063033797, ""x18"": -0.05529870307624281, ""x41"": -0.23025944845990684, ""x42"": -0.1381621623349099, ""x68"": 0.24875368943825135, ""x39"": 0.38798067226743604, ""x29"": 0.008150554510685701, ""x33"": -0.09591112070758354, ""x78"": -0.1004874730490497, ""x31"": 0.07093862983323071, ""x75"": -0.09211812353969843, ""x70"": 0.03485957549008768, ""x50"": -0.2054906895201248, ""x74"": 0.04367498646756248, ""x69"": 0.45568220549624605, ""x28"": -0.07449780362274498, ""x20"": -0.11018039582130543, ""x13"": -0.03559917594536358, ""x72"": 0.17476522346415121, ""x30"": -0.050380796531783754, ""x63"": -0.11338130230963939, ""x90"": 0.19792124329610294, ""x1"": -0.02836089723219664, ""x79"": -0.12199848990603471, ""x11"": 0.17997357743381762, ""x71"": -0.020013249340091997, ""x21"": 0.19545373423387896, ""x121"": -0.031069225886157553, ""x91"": 0.2159360206366238, ""x38"": 0.24626508877782113, ""x34"": 0.05646227813862424, ""x87"": 0.13101041234972294, ""x73"": 0.0010600778598433946}, {""x45"": -0.0002286493274702092, ""x51"": 0.009614058928525184, ""x46"": -0.1303392922646235, ""x47"": 0.08126391096405748, ""x3"": 0.5622890355864597, ""x41"": 0.06584381540766579, ""x42"": 0.29242480463282494, ""x68"": -0.04555568197650312, ""x39"": 0.5357609287733246, ""x29"": 0.03741754523368535, ""x33"": 0.1870232562579985, ""x78"": 0.24766565052735287, ""x70"": 0.00030314368436178823, ""x50"": -0.21984891359635483, ""x69"": 0.3728820376438836, ""x20"": -0.006135823177349016, ""x72"": 0.4012362151835071, ""x30"": -0.035520074199428715, ""x90"": -0.06380398966662018, ""x79"": -0.13736861487256205, ""x71"": 0.1524485212998429, ""x21"": 0.5945678824592766, ""x121"": -0.0897733668468503, ""x91"": 0.015554631055902126, ""x38"": 0.06144498638461494, ""x87"": 0.2392082752333955}, {""x45"": -0.7821527143178888, ""x51"": 0.02600259977944107, ""x44"": 0.6086684099045296, ""x4"": -0.03918427589886064, ""x46"": 0.14519105131236812, ""x47"": 0.058472547417590184, ""x3"": -0.035354221279596705, ""x16"": -0.40452726183643156, ""x18"": 0.09372197797402566, ""x41"": 0.32660621879312324, ""x42"": 0.11546091006106564, ""x68"": -0.16795300130201635, ""x39"": -0.21383973274008383, ""x29"": -0.3063422046399537, ""x33"": -0.058944855945702326, ""x78"": -0.014156684769098978, ""x31"": -0.017064301787736297, ""x75"": 0.13163436578400306, ""x70"": 0.08167230778543558, ""x50"": 0.02739325265780582, ""x74"": -0.055019173283767465, ""x69"": -0.019024772754483582, ""x28"": -0.124876519252685, ""x20"": 0.18272703205867197, ""x13"": -0.2256692788671105, ""x72"": -0.014432919549852305, ""x30"": 0.019868043474987156, ""x63"": -0.008937060365101735, ""x90"": 0.042526932553673624, ""x79"": -0.01796042536890663, ""x11"": 0.11401005838837633, ""x71"": 0.03437005902179834, ""x21"": -0.004089102003635657, ""x121"": 0.07181088171008705, ""x38"": 0.08069834999393491, ""x34"": -0.26112361060241374, ""x87"": 0.022545047022353867, ""x73"": -0.08434738597322022}]","[-1.5515295471046364, -0.48835250313545187, -1.8593516514887447]",12,0.06104850711123889,167.01223158836365,crime_beta,kmeans_glm,crime_beta_K3_beta-beta-lognormal_L1.0_kmeans_glm
beta+beta+lognormal,3,10.0,True,True,,1128.1303973490062,-1855.960036711931,-2140.2607946980124,1129.6892200998946,"[0.4714949786599026, 0.05050983871746936, 0.477995182622628]",0.14504624319459358,0.10070300033491102,"[23, 6, 21]",2.0,30.0,"[[1, 2, 4, 7, 8, 9, 10, 13, 15, 19, 20, 21, 22, 26, 27, 28, 29, 31, 35, 37, 38, 39, 40], [1, 4, 6, 11, 13, 36], [1, 4, 5, 6, 8, 10, 14, 15, 16, 18, 19, 28, 31, 32, 34, 35, 36, 37, 38, 39, 40]]","[[""x45"", ""x51"", ""x4"", ""x3"", ""x16"", ""x18"", ""x41"", ""x39"", ""x33"", ""x70"", ""x50"", ""x74"", ""x69"", ""x72"", ""x30"", ""x63"", ""x90"", ""x79"", ""x121"", ""x38"", ""x34"", ""x87"", ""x73""], [""x45"", ""x4"", ""x47"", ""x42"", ""x39"", ""x91""], [""x45"", ""x4"", ""x46"", ""x47"", ""x16"", ""x41"", ""x29"", ""x33"", ""x78"", ""x75"", ""x70"", ""x63"", ""x79"", ""x11"", ""x21"", ""x121"", ""x91"", ""x38"", ""x34"", ""x87"", ""x73""]]","[{""x45"": -0.1271093085988131, ""x51"": 0.43695488532539195, ""x4"": -0.11283483675219334, ""x3"": 0.04180913755152314, ""x16"": -0.034509011403097034, ""x18"": 0.0029686674095359676, ""x41"": 0.13174113356367467, ""x39"": 0.16773624022292075, ""x33"": -0.1039157027061028, ""x70"": 0.031072156537989632, ""x50"": -0.010158190144261217, ""x74"": 0.06910044320026282, ""x69"": 0.3560957819918982, ""x72"": 0.11508631428493447, ""x30"": -0.011253589687117179, ""x63"": -0.01201473110519427, ""x90"": 0.13066593494532527, ""x79"": -0.0514144598527666, ""x121"": 0.010925085812121487, ""x38"": 0.11119179426976025, ""x34"": -0.05649251437529682, ""x87"": 0.10763557139802596, ""x73"": -0.055137414073835996}, {""x45"": -0.35290338947372135, ""x4"": -0.20250758245736963, ""x47"": -0.014731035708100238, ""x42"": 0.010436388469468406, ""x39"": 0.13885740748769043, ""x91"": 0.08602419558237498}, {""x45"": -0.2662884023426001, ""x4"": -0.09420483147717575, ""x46"": 0.015084337545580445, ""x47"": 0.09836673344186983, ""x16"": -0.4871545572048698, ""x41"": 0.1507358980392592, ""x29"": -0.15416300656607343, ""x33"": -0.002064944642642965, ""x78"": -0.002609290473501066, ""x75"": 0.03310780311206061, ""x70"": 0.11422714638998215, ""x63"": -0.022777605093440158, ""x79"": -0.052148314781034086, ""x11"": 0.027636969176026698, ""x21"": 0.04513226650633059, ""x121"": 0.09212521836147824, ""x91"": 0.04251996362480628, ""x38"": 0.031820033807250875, ""x34"": -0.09994824081583023, ""x87"": 0.04474463295640097, ""x73"": -0.04639037202207752}]","[-1.6478066730548804, -0.13228507898314168, -1.779915364026661]",9,0.05050983871746936,149.28729462623596,crime_beta,kmeans_glm,crime_beta_K3_beta-beta-lognormal_L10.0_kmeans_glm
beta+lognormal,2,5.0,True,True,,1102.3084795880586,-1818.1196756033492,-2092.6169591761172,1129.5603086870854,"[0.1831069050065302, 0.8168930949934698]",0.15273144039446035,0.10138523009831435,"[19, 32]",15.0,21.0,"[[2, 5, 6, 7, 8, 11, 13, 15, 16, 18, 19, 22, 26, 29, 34, 36, 37, 39, 40], [1, 3, 4, 6, 8, 9, 10, 13, 14, 15, 16, 17, 18, 19, 20, 21, 22, 23, 24, 25, 26, 28, 29, 31, 32, 34, 35, 36, 37, 38, 39, 40]]","[[""x51"", ""x46"", ""x47"", ""x3"", ""x16"", ""x42"", ""x39"", ""x33"", ""x78"", ""x75"", ""x70"", ""x69"", ""x72"", ""x90"", ""x21"", ""x91"", ""x38"", ""x87"", ""x73""], [""x45"", ""x44"", ""x4"", ""x47"", ""x16"", ""x18"", ""x41"", ""x39"", ""x29"", ""x33"", ""x78"", ""x31"", ""x75"", ""x70"", ""x50"", ""x74"", ""x69"", ""x28"", ""x20"", ""x13"", ""x72"", ""x63"", ""x90"", ""x79"", ""x11"", ""x21"", ""x121"", ""x91"", ""x38"", ""x34"", ""x87"", ""x73""]]","[{""x51"": 0.2277064434865494, ""x46"": -0.09950942338908383, ""x47"": -0.03889401843653617, ""x3"": 0.5385348211729464, ""x16"": -0.13044129766177504, ""x42"": 0.059175274757327624, ""x39"": 0.49190614407039507, ""x33"": 0.1313777973827878, ""x78"": -0.1581034089649374, ""x75"": 0.02844145810119063, ""x70"": 0.0036935555638811074, ""x69"": 0.29637276155087744, ""x72"": 0.08201002912897844, ""x90"": -0.09868478674157823, ""x21"": 0.15499247332390492, ""x91"": 0.18950029966979506, ""x38"": 0.25743023300142764, ""x87"": 0.15501656129886252, ""x73"": -0.11588845793093898}, {""x45"": -0.48353807209248234, ""x44"": 0.00035505737290785595, ""x4"": -0.09159743744063444, ""x47"": 0.11321706439985846, ""x16"": -0.40396960804072707, ""x18"": 0.014811937640399755, ""x41"": 0.08300847781704661, ""x39"": 0.017128311421801552, ""x29"": -0.08706858624656927, ""x33"": -0.10371218664158588, ""x78"": -0.007241269796293298, ""x31"": -0.0038737816815668557, ""x75"": 0.029675844966351905, ""x70"": 0.08041862845692994, ""x50"": -0.07102617544222409, ""x74"": 0.029242772044157424, ""x69"": 0.16164883961513235, ""x28"": -0.02297497401253924, ""x20"": 0.0025660881477330513, ""x13"": -0.025972486507850685, ""x72"": 0.056219932299033305, ""x63"": -0.02702910165978105, ""x90"": 0.038271808528796095, ""x79"": -0.08542695785900586, ""x11"": 0.0749512546733625, ""x21"": 0.11037663473957211, ""x121"": 0.06555970941079245, ""x91"": 0.007596899868574942, ""x38"": 0.06827467856703623, ""x34"": -0.04381443328927352, ""x87"": 0.05841999279488673, ""x73"": -0.022865316046605733}]","[-0.806279578485769, -1.9505853155872215]",4,0.1831069050065302,78.47634315490723,crime_beta,kmeans_glm,crime_beta_K2_beta-lognormal_L5.0_kmeans_glm
beta+beta+lognormal,3,2.0,True,True,,1178.959744267052,-1681.5492422817597,-2161.919488534104,1128.5652627040395,"[0.07029964920347681, 0.45508653670434834, 0.47461381409217496]",0.1394212504557684,0.09682532211893559,"[17, 37, 36]",16.0,22.0,"[[7, 10, 11, 13, 14, 15, 16, 20, 22, 26, 31, 33, 34, 35, 36, 39, 40], [1, 2, 3, 4, 5, 6, 7, 8, 9, 10, 13, 14, 15, 16, 17, 18, 19, 20, 21, 22, 23, 25, 26, 27, 28, 29, 30, 31, 32, 33, 34, 35, 36, 37, 38, 39, 40], [1, 2, 3, 4, 5, 6, 7, 8, 9, 10, 11, 13, 14, 15, 16, 17, 18, 19, 20, 21, 22, 25, 26, 27, 28, 29, 30, 31, 32, 33, 34, 35, 36, 37, 39, 40]]","[[""x3"", ""x41"", ""x42"", ""x39"", ""x29"", ""x33"", ""x78"", ""x50"", ""x69"", ""x72"", ""x79"", ""x71"", ""x21"", ""x121"", ""x91"", ""x87"", ""x73""], [""x45"", ""x51"", ""x44"", ""x4"", ""x46"", ""x47"", ""x3"", ""x16"", ""x18"", ""x41"", ""x39"", ""x29"", ""x33"", ""x78"", ""x31"", ""x75"", ""x70"", ""x50"", ""x74"", ""x69"", ""x28"", ""x13"", ""x72"", ""x30"", ""x63"", ""x90"", ""x1"", ""x79"", ""x11"", ""x71"", ""x21"", ""x121"", ""x91"", ""x38"", ""x34"", ""x87"", ""x73""], [""x45"", ""x51"", ""x44"", ""x4"", ""x46"", ""x47"", ""x3"", ""x16"", ""x18"", ""x41"", ""x42"", ""x39"", ""x29"", ""x33"", ""x78"", ""x31"", ""x75"", ""x70"", ""x50"", ""x74"", ""x69"", ""x13"", ""x72"", ""x30"", ""x63"", ""x90"", ""x1"", ""x79"", ""x11"", ""x71"", ""x21"", ""x121"", ""x91"", ""x38"", ""x87"", ""x73""]]","[{""x3"": 0.5587910224647267, ""x41"": 0.24176859162861825, ""x42"": 0.27608371135139703, ""x39"": 0.3213668196029358, ""x29"": 0.126191340584641, ""x33"": 0.062715232949609, ""x78"": 0.09634207899110664, ""x50"": -0.0027630755226825186, ""x69"": 0.30062332331450675, ""x72"": 0.030103682747658393, ""x79"": -0.1378651332419162, ""x71"": 0.058281224494707164, ""x21"": 0.4359775570387025, ""x121"": -0.0028524699216295525, ""x91"": 0.058009753368338884, ""x87"": 0.21519088111729015, ""x73"": -0.07307315633334291}, {""x45"": -0.1687577700912786, ""x51"": 0.15784373618126343, ""x44"": 0.322332129407189, ""x4"": 0.004336894267913839, ""x46"": -0.08921012223615557, ""x47"": 0.0443537134075729, ""x3"": 0.39635048001337814, ""x16"": -0.5067902211060769, ""x18"": 0.167010120006774, ""x41"": 0.14488237527863082, ""x39"": 0.055080258330520104, ""x29"": -0.1663798726154076, ""x33"": -0.061272399960876106, ""x78"": -0.06897663942622242, ""x31"": 0.0642242359230686, ""x75"": 0.10356739863216446, ""x70"": 0.15873009831284896, ""x50"": 0.038903493993635116, ""x74"": 0.03171368331000528, ""x69"": 0.12108488858076209, ""x28"": -0.18757762470568817, ""x13"": -0.03234029861421566, ""x72"": 0.0919854537010768, ""x30"": 0.03619819213324191, ""x63"": -0.06276931961845612, ""x90"": 0.04216555038397003, ""x1"": -0.016455849112281453, ""x79"": -0.08492629206047225, ""x11"": 0.006685616953738164, ""x71"": -0.016613914589386426, ""x21"": 0.01605884738681308, ""x121"": 0.105917202905966, ""x91"": 0.13788900297262688, ""x38"": 0.24629094063724027, ""x34"": -0.13928550522866756, ""x87"": 0.13797254804288925, ""x73"": -0.05708914267036556}, {""x45"": -0.6515416040469314, ""x51"": 0.018751959610613468, ""x44"": -0.03187488930628037, ""x4"": -0.15641845480297775, ""x46"": 0.0001447779161168468, ""x47"": 0.10916519774920022, ""x3"": -0.11796843128981109, ""x16"": -0.27116064030378295, ""x18"": -3.490456614124129e-05, ""x41"": -0.0027936284600979036, ""x42"": -0.0020398030639089187, ""x39"": 0.09452126085184186, ""x29"": -0.05089986549141818, ""x33"": -0.12395846525079922, ""x78"": -0.03458864605607169, ""x31"": -0.041375612450322716, ""x75"": 0.02504041934353867, ""x70"": 0.03233085171592577, ""x50"": -0.18062764181542876, ""x74"": 0.01345565062568387, ""x69"": 0.26568493487675304, ""x13"": -0.014840362051835278, ""x72"": 0.06664765670134555, ""x30"": -0.05546468351688832, ""x63"": -0.018736790906433556, ""x90"": 0.040972394544521396, ""x1"": 0.0018530274685009634, ""x79"": -0.07046884605926826, ""x11"": 0.2279854169104213, ""x71"": 0.0296250508678335, ""x21"": 0.1293483187919322, ""x121"": 0.031718777205110876, ""x91"": -0.043852895165907575, ""x38"": -0.001915537660008422, ""x87"": 0.04704016789339564, ""x73"": -0.040084695137682556}]","[-0.38852769259502656, -1.253242608108003, -2.1141444828109344]",8,0.07029964920347681,194.30975723266602,crime_beta,kmeans_glm,crime_beta_K3_beta-beta-lognormal_L2.0_kmeans_glm
beta+beta+lognormal,3,20.0,True,True,,1125.8461372571562,-1892.8019397681705,-2147.6922745143124,1127.027603144735,"[0.4749280299127405, 0.04649765298736533, 0.4785743170998942]",0.14377846107505987,0.10033953887042307,"[23, 4, 17]",2.0,24.0,"[[1, 2, 4, 7, 8, 9, 10, 11, 13, 18, 19, 22, 26, 29, 31, 33, 34, 35, 36, 37, 38, 39, 40], [1, 2, 4, 36], [1, 4, 8, 10, 13, 14, 15, 19, 22, 26, 29, 31, 32, 34, 35, 39, 40]]","[[""x45"", ""x51"", ""x4"", ""x3"", ""x16"", ""x18"", ""x41"", ""x42"", ""x39"", ""x75"", ""x70"", ""x69"", ""x72"", ""x90"", ""x79"", ""x71"", ""x21"", ""x121"", ""x91"", ""x38"", ""x34"", ""x87"", ""x73""], [""x45"", ""x51"", ""x4"", ""x91""], [""x45"", ""x4"", ""x16"", ""x41"", ""x39"", ""x29"", ""x33"", ""x70"", ""x69"", ""x72"", ""x90"", ""x79"", ""x11"", ""x21"", ""x121"", ""x87"", ""x73""]]","[{""x45"": -0.06562070735330515, ""x51"": 0.19038267295327813, ""x4"": -0.1332689212843919, ""x3"": 0.20002971006025663, ""x16"": -0.21510654497872053, ""x18"": 0.09889142373593744, ""x41"": 0.08766167181784455, ""x42"": 0.051384905738610154, ""x39"": 0.04552638723321768, ""x75"": 0.09310318630566765, ""x70"": 0.043105897737778065, ""x69"": 0.03370815210833397, ""x72"": 4.2741212372352976e-05, ""x90"": 0.034711023145886546, ""x79"": -0.05021929145615353, ""x71"": -0.0031979843058376903, ""x21"": 0.05468780278078723, ""x121"": 0.06842327496769718, ""x91"": 0.07567774551112422, ""x38"": 0.001481814254217797, ""x34"": -0.043874521937659616, ""x87"": 0.11243788861393898, ""x73"": -0.07847549946262253}, {""x45"": -0.12467869074117359, ""x51"": 0.147712560221053, ""x4"": -0.0710251016057708, ""x91"": 0.01887046585441952}, {""x45"": -0.3033441325368468, ""x4"": -0.13918859747249004, ""x16"": -0.13310837494958286, ""x41"": 0.11429403160966398, ""x39"": 0.08547285144409293, ""x29"": -0.0455484483483114, ""x33"": -0.0609905440853572, ""x70"": 0.06509739792446155, ""x69"": 0.2297063958885875, ""x72"": 0.1030223258478731, ""x90"": 0.003365247146531487, ""x79"": -0.0687040958464022, ""x11"": 0.01245016005845364, ""x21"": 0.05358800410199818, ""x121"": 0.06185532883344122, ""x87"": 0.056516136353107316, ""x73"": -0.028062083689460334}]","[-1.196854190388155, 0.10321730338400528, -2.1024511278425377]",7,0.04649765298736533,76.92050313949585,crime_beta,kmeans_glm,crime_beta_K3_beta-beta-lognormal_L20.0_kmeans_glm
beta+lognormal,2,2.0,True,True,,1110.1978458054011,-1744.1758243514987,-2082.3956916108023,1125.6516601223448,"[0.2262352107706106, 0.7737647892293895]",0.14810755469857498,0.09960962467566804,"[27, 37]",24.0,16.0,"[[2, 3, 5, 6, 7, 8, 13, 14, 15, 16, 18, 20, 21, 22, 23, 24, 26, 29, 30, 31, 33, 34, 36, 37, 38, 39, 40], [1, 2, 3, 4, 5, 6, 7, 8, 9, 10, 11, 12, 13, 14, 15, 17, 18, 19, 20, 21, 22, 23, 24, 25, 26, 27, 28, 29, 31, 32, 34, 35, 36, 37, 38, 39, 40]]","[[""x51"", ""x44"", ""x46"", ""x47"", ""x3"", ""x16"", ""x39"", ""x29"", ""x33"", ""x78"", ""x75"", ""x50"", ""x74"", ""x69"", ""x28"", ""x20"", ""x72"", ""x90"", ""x1"", ""x79"", ""x71"", ""x21"", ""x91"", ""x38"", ""x34"", ""x87"", ""x73""], [""x45"", ""x51"", ""x44"", ""x4"", ""x46"", ""x47"", ""x3"", ""x16"", ""x18"", ""x41"", ""x42"", ""x68"", ""x39"", ""x29"", ""x33"", ""x31"", ""x75"", ""x70"", ""x50"", ""x74"", ""x69"", ""x28"", ""x20"", ""x13"", ""x72"", ""x30"", ""x63"", ""x90"", ""x79"", ""x11"", ""x21"", ""x121"", ""x91"", ""x38"", ""x34"", ""x87"", ""x73""]]","[{""x51"": 0.256277250624648, ""x44"": 0.04213527520655157, ""x46"": -0.16519432053599012, ""x47"": -0.006917449531832289, ""x3"": 0.5841473529882363, ""x16"": -0.22364651991105672, ""x39"": 0.5282833764046373, ""x29"": 0.12668762504313497, ""x33"": 0.17105730307328812, ""x78"": -0.35124356935127665, ""x75"": 0.05550989860462277, ""x50"": -0.08333927216154104, ""x74"": 0.03295855040487683, ""x69"": 0.3351023552798314, ""x28"": -0.1727750168529228, ""x20"": -0.18713126771588517, ""x72"": 0.39858749742227856, ""x90"": -0.09794289822764711, ""x1"": -0.1030666500143534, ""x79"": -0.00040107718365350344, ""x71"": 0.009312892171226382, ""x21"": 0.34066034593477246, ""x91"": 0.24108880604706032, ""x38"": 0.2717794450274328, ""x34"": 0.013523270621780046, ""x87"": 0.1348645105391876, ""x73"": -0.07190912411587315}, {""x45"": -0.5863775208709502, ""x51"": 0.0077996636287568375, ""x44"": 0.060222471272019046, ""x4"": -0.07225678138655513, ""x46"": 0.0009447479085684038, ""x47"": 0.13152403208069732, ""x3"": -0.008245209343603472, ""x16"": -0.4250374871739665, ""x18"": 0.025243690829649536, ""x41"": 0.07264670631825235, ""x42"": -0.00012115297334938889, ""x68"": 0.01123357371406014, ""x39"": 0.012117998451713111, ""x29"": -0.09794268264094053, ""x33"": -0.11690933248736896, ""x31"": -0.043752703290790285, ""x75"": 0.032489124623749345, ""x70"": 0.0774404106946172, ""x50"": -0.06505327453076887, ""x74"": 0.038299256846335776, ""x69"": 0.19902096143963002, ""x28"": -0.058210666105562234, ""x20"": 0.1000149398162235, ""x13"": -0.13777814316360204, ""x72"": 0.05390124768701329, ""x30"": 0.009266400559275712, ""x63"": -0.0432533097870379, ""x90"": 0.04573309695084341, ""x79"": -0.0842789555519111, ""x11"": 0.10007267482294764, ""x21"": 0.1198071474901589, ""x121"": 0.06673703598099483, ""x91"": 0.004730827740673545, ""x38"": 0.05823730658944551, ""x34"": -0.039664690220008784, ""x87"": 0.049978938492973045, ""x73"": -0.01970589844261554}]","[-0.8937910693493694, -1.956992269747847]",5,0.2262352107706106,83.72703337669373,crime_beta,kmeans_glm,crime_beta_K2_beta-lognormal_L2.0_kmeans_glm
beta+lognormal,2,10.0,True,True,,1093.3776423930751,-1848.570161659978,-2088.7552847861502,1122.2146028204393,"[0.23530197787175716, 0.7646980221282428]",0.15392820334342028,0.10125099274410224,"[16, 28]",13.0,18.0,"[[2, 4, 6, 7, 13, 15, 16, 20, 22, 25, 26, 34, 35, 36, 39, 40], [1, 4, 6, 8, 9, 10, 13, 14, 15, 16, 18, 19, 20, 21, 22, 23, 26, 28, 29, 31, 32, 34, 35, 36, 37, 38, 39, 40]]","[[""x51"", ""x4"", ""x47"", ""x3"", ""x39"", ""x33"", ""x78"", ""x50"", ""x69"", ""x13"", ""x72"", ""x21"", ""x121"", ""x91"", ""x87"", ""x73""], [""x45"", ""x4"", ""x47"", ""x16"", ""x18"", ""x41"", ""x39"", ""x29"", ""x33"", ""x78"", ""x75"", ""x70"", ""x50"", ""x74"", ""x69"", ""x28"", ""x72"", ""x63"", ""x90"", ""x79"", ""x11"", ""x21"", ""x121"", ""x91"", ""x38"", ""x34"", ""x87"", ""x73""]]","[{""x51"": 0.31672133256627766, ""x4"": -0.11237924994857815, ""x47"": -0.08404216691096722, ""x3"": 0.4640730461949953, ""x39"": 0.3802771937747802, ""x33"": 0.04500886965026854, ""x78"": -0.028713353118398746, ""x50"": 0.006038449555569915, ""x69"": 0.2452671276739659, ""x13"": 0.07166602678577416, ""x72"": 0.034770195715073816, ""x21"": 0.023193686019294984, ""x121"": 0.009419070506145115, ""x91"": 0.1165235117768783, ""x87"": 0.1352300369210924, ""x73"": -0.1589700660937623}, {""x45"": -0.43305596374122074, ""x4"": -0.0878966723859318, ""x47"": 0.09441538669841981, ""x16"": -0.37986063370850426, ""x18"": 0.007192402825477875, ""x41"": 0.10872010628631758, ""x39"": 0.010874794114063557, ""x29"": -0.0705723827087354, ""x33"": -0.08784616264997255, ""x78"": -3.785203602783933e-05, ""x75"": 0.02523816593052149, ""x70"": 0.08474227169078574, ""x50"": -0.03801439356375922, ""x74"": 0.004817577858407254, ""x69"": 0.13191160375534544, ""x28"": -6.881360678455376e-05, ""x72"": 0.07489982174645106, ""x63"": -0.0031303786042819535, ""x90"": 0.009573177168725664, ""x79"": -0.08438636899730707, ""x11"": 0.031018960887312187, ""x21"": 0.1174245505064707, ""x121"": 0.06476887717984071, ""x91"": 0.01725742267659308, ""x38"": 0.05027708134915033, ""x34"": -0.03960594573702265, ""x87"": 0.05953149524194226, ""x73"": -0.015131885785424787}]","[-0.9361921248105145, -1.9568248070654182]",4,0.23530197787175716,69.60459804534912,crime_beta,kmeans_glm,crime_beta_K2_beta-lognormal_L10.0_kmeans_glm
beta+lognormal,2,1.0,True,True,,1114.5896695954543,-1690.8438370716958,-2073.1793391909086,1119.951494028916,"[0.22733054204531172, 0.7726694579546882]",0.1475654211396212,0.09940989119506921,"[33, 40]",33.0,7.0,"[[2, 3, 4, 5, 6, 7, 8, 10, 11, 13, 14, 15, 16, 17, 18, 19, 20, 21, 22, 23, 24, 26, 27, 28, 29, 30, 33, 34, 36, 37, 38, 39, 40], [1, 2, 3, 4, 5, 6, 7, 8, 9, 10, 11, 12, 13, 14, 15, 16, 17, 18, 19, 20, 21, 22, 23, 24, 25, 26, 27, 28, 29, 30, 31, 32, 33, 34, 35, 36, 37, 38, 39, 40]]","[[""x51"", ""x44"", ""x4"", ""x46"", ""x47"", ""x3"", ""x16"", ""x41"", ""x42"", ""x39"", ""x29"", ""x33"", ""x78"", ""x31"", ""x75"", ""x70"", ""x50"", ""x74"", ""x69"", ""x28"", ""x20"", ""x72"", ""x30"", ""x63"", ""x90"", ""x1"", ""x71"", ""x21"", ""x91"", ""x38"", ""x34"", ""x87"", ""x73""], [""x45"", ""x51"", ""x44"", ""x4"", ""x46"", ""x47"", ""x3"", ""x16"", ""x18"", ""x41"", ""x42"", ""x68"", ""x39"", ""x29"", ""x33"", ""x78"", ""x31"", ""x75"", ""x70"", ""x50"", ""x74"", ""x69"", ""x28"", ""x20"", ""x13"", ""x72"", ""x30"", ""x63"", ""x90"", ""x1"", ""x79"", ""x11"", ""x71"", ""x21"", ""x121"", ""x91"", ""x38"", ""x34"", ""x87"", ""x73""]]","[{""x51"": 0.25736011479275306, ""x44"": 0.17319355501557016, ""x4"": 0.027274243050285224, ""x46"": -0.25433428990840284, ""x47"": -0.02729538890054375, ""x3"": 0.6077723872087741, ""x16"": -0.23361953919293352, ""x41"": -0.11926158166908302, ""x42"": 0.016762411287423624, ""x39"": 0.6065366087167219, ""x29"": 0.24604981423844066, ""x33"": 0.16280141222128974, ""x78"": -0.4305369587441034, ""x31"": 0.11825802317996686, ""x75"": 0.06149470828401088, ""x70"": -0.02366506539926724, ""x50"": -0.151291855999485, ""x74"": 0.05195340787430276, ""x69"": 0.3802794991410638, ""x28"": -0.3231422917734663, ""x20"": -0.3701964353328478, ""x72"": 0.6856874829414106, ""x30"": -0.08184698426825547, ""x63"": 0.027655514481505123, ""x90"": -0.09017402217380063, ""x1"": -0.16078426574596788, ""x71"": 0.016904367352780343, ""x21"": 0.5027365872800492, ""x91"": 0.2487866976904772, ""x38"": 0.2926875105593764, ""x34"": 0.05465458307301415, ""x87"": 0.14385615116563574, ""x73"": -0.00011687236435573742}, {""x45"": -0.6341163505976009, ""x51"": 0.021013053744289217, ""x44"": 0.10292053092076042, ""x4"": -0.07582194687171114, ""x46"": 0.004979284224367189, ""x47"": 0.13529137892688936, ""x3"": -0.018769176047150324, ""x16"": -0.43358567953540916, ""x18"": 0.029981072500252337, ""x41"": 0.09218441043640384, ""x42"": -0.0268606471491452, ""x68"": 0.0122925049687683, ""x39"": 0.024010710832969476, ""x29"": -0.1109590968353416, ""x33"": -0.11582014451766655, ""x78"": 0.0008332934729375965, ""x31"": -0.07824853086795758, ""x75"": 0.0326948517011409, ""x70"": 0.07573192044107756, ""x50"": -0.06714388014270319, ""x74"": 0.04058605772920726, ""x69"": 0.1950090065753972, ""x28"": -0.0685309796786397, ""x20"": 0.15285144883766574, ""x13"": -0.19088584140188156, ""x72"": 0.04742308132811975, ""x30"": 0.034083788925967716, ""x63"": -0.044904761973308116, ""x90"": 0.04694497244120307, ""x1"": -0.00030888695629358514, ""x79"": -0.08458405471002221, ""x11"": 0.11497120431934656, ""x71"": -0.0013920837257444898, ""x21"": 0.11191006212097314, ""x121"": 0.06643617987269661, ""x91"": 0.0042813534155107715, ""x38"": 0.0568873029664583, ""x34"": -0.045971710191737826, ""x87"": 0.04699868248815202, ""x73"": -0.024279259321882293}]","[-0.9031476870994044, -1.9561707292354182]",5,0.22733054204531172,135.95226526260376,crime_beta,kmeans_glm,crime_beta_K2_beta-lognormal_L1.0_kmeans_glm
beta+lognormal+lognormal,3,10.0,True,True,,1129.6356746876306,-1776.149744909301,-2119.2713493752613,1119.5225728980283,"[0.05563968236546407, 0.48054987633217433, 0.4638104413023615]",0.17819223631751724,0.10931565710911183,"[8, 30, 24]",5.0,29.0,"[[1, 2, 4, 7, 10, 11, 13, 36], [1, 2, 4, 6, 7, 8, 9, 10, 13, 14, 16, 17, 18, 19, 20, 21, 22, 25, 26, 28, 29, 31, 33, 34, 35, 36, 37, 38, 39, 40], [1, 4, 6, 7, 8, 10, 13, 14, 15, 18, 19, 20, 22, 26, 27, 29, 31, 32, 33, 34, 35, 38, 39, 40]]","[[""x45"", ""x51"", ""x4"", ""x3"", ""x41"", ""x42"", ""x39"", ""x91""], [""x45"", ""x51"", ""x4"", ""x47"", ""x3"", ""x16"", ""x18"", ""x41"", ""x39"", ""x29"", ""x78"", ""x31"", ""x75"", ""x70"", ""x50"", ""x74"", ""x69"", ""x13"", ""x72"", ""x63"", ""x90"", ""x79"", ""x71"", ""x21"", ""x121"", ""x91"", ""x38"", ""x34"", ""x87"", ""x73""], [""x45"", ""x4"", ""x47"", ""x3"", ""x16"", ""x41"", ""x39"", ""x29"", ""x33"", ""x75"", ""x70"", ""x50"", ""x69"", ""x72"", ""x30"", ""x90"", ""x79"", ""x11"", ""x71"", ""x21"", ""x121"", ""x34"", ""x87"", ""x73""]]","[{""x45"": -0.07988191959628958, ""x51"": 0.2071130387431826, ""x4"": -0.19978102753104782, ""x3"": 0.040738120987178154, ""x41"": 0.1085046188639787, ""x42"": 0.17466921494701457, ""x39"": 0.08557403995119897, ""x91"": 0.06535644880803604}, {""x45"": -0.14310098875062638, ""x51"": 0.05314376301375692, ""x4"": -0.04066737197360401, ""x47"": 0.029660716722543286, ""x3"": 0.10331511242297238, ""x16"": -0.4149092741274069, ""x18"": 0.07276345399397469, ""x41"": 0.08778065860088705, ""x39"": 0.004533728988467133, ""x29"": -0.14793136994628803, ""x78"": -0.013763497933815401, ""x31"": 0.02230572497923377, ""x75"": 0.034574153209975485, ""x70"": 0.08162798224530912, ""x50"": -0.014269411633884798, ""x74"": 0.0359576497138441, ""x69"": 0.016800552505064743, ""x13"": -0.03157800157292349, ""x72"": 0.011268163397879514, ""x63"": -0.018990266943844373, ""x90"": 0.028001136263320174, ""x79"": -0.038957054728503165, ""x71"": -1.2632063145124646e-05, ""x21"": 0.05197734296082354, ""x121"": 0.05139811587269425, ""x91"": 0.03824982045589826, ""x38"": 0.11980556554886185, ""x34"": -0.0842288687766474, ""x87"": 0.08745935301228586, ""x73"": -0.035706622386996165}, {""x45"": -0.37574258187461373, ""x4"": -0.13449655257408719, ""x47"": 0.0001292929181913074, ""x3"": -0.0003137394396808322, ""x16"": -0.17203994397283612, ""x41"": 0.0970977208090745, ""x39"": 0.12044685301524417, ""x29"": -0.04758118245589552, ""x33"": -0.11059962801755022, ""x75"": 0.05270542843123534, ""x70"": 0.07729954581754707, ""x50"": -0.08595166495392179, ""x69"": 0.308943556396919, ""x72"": 0.03851195731765489, ""x30"": -0.05336985748661237, ""x90"": 0.024953285918831856, ""x79"": -0.0686720856327467, ""x11"": 0.1378948938297528, ""x71"": -0.004582722073111263, ""x21"": 0.06456603867067978, ""x121"": 0.06511725136543148, ""x34"": -0.000310197627413944, ""x87"": 0.08242303848822756, ""x73"": -0.07983144682410977}]","[-0.19019794101966297, -1.6243502116720552, -2.2253024668035732]",7,0.05563968236546407,98.05534100532532,crime_beta,kmeans_glm,crime_beta_K3_beta-lognormal-lognormal_L10.0_kmeans_glm
beta+skew_normal+lognormal,3,10.0,True,True,,1135.519010879093,-1746.5059940522865,-2119.038021758186,1118.2255662669336,"[0.06473423143490434, 0.2731244751636752, 0.6621412934014205]",0.1526882680422407,0.1014875471867059,"[9, 34, 24]",4.0,35.0,"[[1, 2, 4, 7, 10, 11, 13, 36, 39], [1, 2, 3, 5, 6, 7, 8, 9, 10, 13, 14, 15, 16, 17, 18, 19, 21, 22, 23, 25, 26, 27, 28, 29, 30, 31, 32, 33, 35, 36, 37, 38, 39, 40], [1, 4, 6, 8, 10, 13, 14, 15, 18, 19, 20, 22, 24, 26, 27, 29, 31, 32, 33, 34, 35, 38, 39, 40]]","[[""x45"", ""x51"", ""x4"", ""x3"", ""x41"", ""x42"", ""x39"", ""x91"", ""x87""], [""x45"", ""x51"", ""x44"", ""x46"", ""x47"", ""x3"", ""x16"", ""x18"", ""x41"", ""x39"", ""x29"", ""x33"", ""x78"", ""x31"", ""x75"", ""x70"", ""x74"", ""x69"", ""x28"", ""x13"", ""x72"", ""x30"", ""x63"", ""x90"", ""x1"", ""x79"", ""x11"", ""x71"", ""x121"", ""x91"", ""x38"", ""x34"", ""x87"", ""x73""], [""x45"", ""x4"", ""x47"", ""x16"", ""x41"", ""x39"", ""x29"", ""x33"", ""x75"", ""x70"", ""x50"", ""x69"", ""x20"", ""x72"", ""x30"", ""x90"", ""x79"", ""x11"", ""x71"", ""x21"", ""x121"", ""x34"", ""x87"", ""x73""]]","[{""x45"": -0.0716658767597858, ""x51"": 0.19120602352880067, ""x4"": -0.23350232701106485, ""x3"": 0.06461269249338532, ""x41"": 0.08256444073804749, ""x42"": 0.22274600512414447, ""x39"": 0.13957467635905016, ""x91"": 0.07643921305785151, ""x87"": 0.03541487879937905}, {""x45"": -0.05298603332181341, ""x51"": 0.029437543534794185, ""x44"": 0.08668825027899141, ""x46"": -0.019253864358712593, ""x47"": 0.007811666349497421, ""x3"": 0.09478654629439007, ""x16"": -0.06318498589315476, ""x18"": 0.06341506658942948, ""x41"": 0.010007048036406913, ""x39"": -0.004685518130463318, ""x29"": -0.049439676112470764, ""x33"": 0.000943624065317199, ""x78"": -0.01666333686107008, ""x31"": 0.021324008501297644, ""x75"": 0.016058451876795915, ""x70"": 0.03298831868158511, ""x74"": 0.004524406715888507, ""x69"": 0.015950867430568012, ""x28"": -0.023597451823943707, ""x13"": -0.01522721008232393, ""x72"": 0.026513980121101788, ""x30"": -2.2340890268523103e-05, ""x63"": -0.00927574263189102, ""x90"": 0.01817829142817026, ""x1"": -0.07256532600796468, ""x79"": -0.012721224197008113, ""x11"": 0.046758289428120034, ""x71"": 0.014076589561149645, ""x121"": 0.018709616684041898, ""x91"": 0.028146156764885796, ""x38"": 0.051530683264873714, ""x34"": -0.013771674284853574, ""x87"": 0.02386802415823616, ""x73"": -0.020402903631311413}, {""x45"": -0.419445176443981, ""x4"": -0.11686825649200186, ""x47"": 0.047897794487384425, ""x16"": -0.24897100372785372, ""x41"": 0.07387222138258709, ""x39"": 0.09314061017640524, ""x29"": -0.03575528947003979, ""x33"": -0.11054158954171336, ""x75"": 0.02946065817666388, ""x70"": 0.05307314655183239, ""x50"": -0.07730575363214989, ""x69"": 0.19887224124261826, ""x20"": 0.0005479325150421554, ""x72"": 0.055328979627746404, ""x30"": -0.004964047258561484, ""x90"": 0.02554055336640804, ""x79"": -0.07300625320467154, ""x11"": 0.11094681585441293, ""x71"": -0.007047375017280821, ""x21"": 0.0883108221074208, ""x121"": 0.054941053976718224, ""x34"": -0.007982954176407892, ""x87"": 0.05796127925628532, ""x73"": -0.04169666551837322}]","[-0.2567804205848575, 0.2780209925637886, -2.048027225481568]",10,0.06473423143490434,195.91413831710815,crime_beta,kmeans_glm,crime_beta_K3_beta-skew_normal-lognormal_L10.0_kmeans_glm
beta+skew_normal+lognormal,3,1.0,True,True,,1143.892694688022,-1514.7908222305077,-2063.785389376044,1115.2397040882474,"[0.09199275181514131, 0.19752884771497678, 0.7104784004698819]",0.1457362188797918,0.0986863028255373,"[23, 40, 40]",23.0,17.0,"[[2, 5, 6, 7, 11, 13, 14, 15, 16, 19, 20, 22, 24, 26, 29, 31, 33, 34, 35, 36, 37, 39, 40], [1, 2, 3, 4, 5, 6, 7, 8, 9, 10, 11, 12, 13, 14, 15, 16, 17, 18, 19, 20, 21, 22, 23, 24, 25, 26, 27, 28, 29, 30, 31, 32, 33, 34, 35, 36, 37, 38, 39, 40], [1, 2, 3, 4, 5, 6, 7, 8, 9, 10, 11, 12, 13, 14, 15, 16, 17, 18, 19, 20, 21, 22, 23, 24, 25, 26, 27, 28, 29, 30, 31, 32, 33, 34, 35, 36, 37, 38, 39, 40]]","[[""x51"", ""x46"", ""x47"", ""x3"", ""x42"", ""x39"", ""x29"", ""x33"", ""x78"", ""x70"", ""x50"", ""x69"", ""x20"", ""x72"", ""x90"", ""x79"", ""x71"", ""x21"", ""x121"", ""x91"", ""x38"", ""x87"", ""x73""], [""x45"", ""x51"", ""x44"", ""x4"", ""x46"", ""x47"", ""x3"", ""x16"", ""x18"", ""x41"", ""x42"", ""x68"", ""x39"", ""x29"", ""x33"", ""x78"", ""x31"", ""x75"", ""x70"", ""x50"", ""x74"", ""x69"", ""x28"", ""x20"", ""x13"", ""x72"", ""x30"", ""x63"", ""x90"", ""x1"", ""x79"", ""x11"", ""x71"", ""x21"", ""x121"", ""x91"", ""x38"", ""x34"", ""x87"", ""x73""], [""x45"", ""x51"", ""x44"", ""x4"", ""x46"", ""x47"", ""x3"", ""x16"", ""x18"", ""x41"", ""x42"", ""x68"", ""x39"", ""x29"", ""x33"", ""x78"", ""x31"", ""x75"", ""x70"", ""x50"", ""x74"", ""x69"", ""x28"", ""x20"", ""x13"", ""x72"", ""x30"", ""x63"", ""x90"", ""x1"", ""x79"", ""x11"", ""x71"", ""x21"", ""x121"", ""x91"", ""x38"", ""x34"", ""x87"", ""x73""]]","[{""x51"": 0.17343713627472984, ""x46"": -0.24676944569666615, ""x47"": 0.1306053845295856, ""x3"": 0.4994940860863515, ""x42"": 0.1977320377830097, ""x39"": 0.5522137055718548, ""x29"": 0.08110715078556482, ""x33"": 0.1659560528583541, ""x78"": 0.15502795540009115, ""x70"": 0.06609769705075018, ""x50"": -0.3547644871883423, ""x69"": 0.43288306602160964, ""x20"": -0.07942876419914163, ""x72"": 0.5284716978301314, ""x90"": -0.06112833705630906, ""x79"": -0.16530374247092985, ""x71"": 0.3209136514799876, ""x21"": 0.619473933978554, ""x121"": -0.1262741218618698, ""x91"": 0.14128629932314116, ""x38"": 0.03704738062810681, ""x87"": 0.20278812383931796, ""x73"": 0.010412414072972442}, {""x45"": 0.05033784677839174, ""x51"": 0.012588098931985904, ""x44"": -0.07455519383772413, ""x4"": 0.014576005364145418, ""x46"": -0.006550640912980336, ""x47"": -0.00016287541121164627, ""x3"": 0.06238928524225939, ""x16"": 0.015224999114340172, ""x18"": 0.002720274757939859, ""x41"": 0.022852207167509804, ""x42"": -0.09891111773339768, ""x68"": 0.002212752478667755, ""x39"": 0.08150031554034247, ""x29"": 0.008473352584797176, ""x33"": -0.007495199122562486, ""x78"": -0.016032249156857845, ""x31"": 0.04119755058612442, ""x75"": 0.00722170129648295, ""x70"": -0.0013133234050270843, ""x50"": 0.004073939892832134, ""x74"": 0.013019377427539888, ""x69"": 0.09728418996795768, ""x28"": 0.0055396178139417605, ""x20"": -0.05113454386705793, ""x13"": -0.0128139227027667, ""x72"": 0.00595496946559756, ""x30"": -0.04076141266501967, ""x63"": -0.007708689304915981, ""x90"": 0.012355742130314063, ""x1"": 0.009564851233594254, ""x79"": 0.0022213342108997193, ""x11"": 0.023459702677460618, ""x71"": 0.00020505870266466068, ""x21"": 0.045727218085828386, ""x121"": -0.0002664477494997178, ""x91"": -0.0038965921700202695, ""x38"": 0.017323195493350343, ""x34"": 0.025086554852677755, ""x87"": 0.010300779853923801, ""x73"": 0.0024916454092215132}, {""x45"": -0.8662828085062614, ""x51"": 0.12036791885775928, ""x44"": 0.5458685677881259, ""x4"": -0.09616966678669034, ""x46"": 0.0009283049442081479, ""x47"": 0.12392855564656145, ""x3"": -0.041808441019699265, ""x16"": -0.4730549244179727, ""x18"": 0.024896090839415966, ""x41"": 0.27151326068987497, ""x42"": 0.0043809145821337644, ""x68"": -0.023845000803207728, ""x39"": -0.08681830898403955, ""x29"": -0.21037123827104307, ""x33"": -0.05251487909936896, ""x78"": -0.01976149017726202, ""x31"": -0.12851940599424896, ""x75"": 0.03855559938537444, ""x70"": 0.0968053234238267, ""x50"": -0.08908659124709216, ""x74"": 0.023316024649020016, ""x69"": 0.07624094661602955, ""x28"": -0.08689045674681753, ""x20"": 0.3141386579837837, ""x13"": -0.2858736394819014, ""x72"": 0.04002746722290243, ""x30"": 0.07824139306866358, ""x63"": -0.04887446155224692, ""x90"": 0.05469681997718154, ""x1"": -0.01853042171690969, ""x79"": -0.07530328036107821, ""x11"": 0.1406666964440007, ""x71"": -0.00370825856319564, ""x21"": -0.02220373974722891, ""x121"": 0.0699981168861907, ""x91"": 0.013491277560768152, ""x38"": 0.07509450047087837, ""x34"": -0.1777326241455243, ""x87"": 0.022437179255662697, ""x73"": -0.04913952326197582}]","[-0.5332065677818321, 0.17457474582428867, -1.900438462696309]",14,0.09199275181514131,358.2609796524048,crime_beta,kmeans_glm,crime_beta_K3_beta-skew_normal-lognormal_L1.0_kmeans_glm
beta+beta+lognormal,3,10.0,True,True,,1135.0107191234667,-1766.1946221610035,-2124.0214382469335,1114.528451618708,"[0.20726908664667967, 0.3216234336172773, 0.47110747973604317]",0.1419802509040464,0.09760734242142849,"[16, 26, 23]",9.0,25.0,"[[1, 2, 4, 5, 6, 7, 13, 18, 22, 26, 27, 34, 35, 38, 39, 40], [1, 2, 3, 4, 6, 10, 11, 12, 13, 14, 16, 18, 19, 22, 23, 27, 29, 31, 32, 33, 34, 35, 36, 38, 39, 40], [1, 2, 4, 6, 8, 10, 12, 14, 15, 19, 21, 26, 28, 29, 31, 32, 34, 35, 36, 37, 38, 39, 40]]","[[""x45"", ""x51"", ""x4"", ""x46"", ""x47"", ""x3"", ""x39"", ""x75"", ""x69"", ""x72"", ""x30"", ""x21"", ""x121"", ""x34"", ""x87"", ""x73""], [""x45"", ""x51"", ""x44"", ""x4"", ""x47"", ""x41"", ""x42"", ""x68"", ""x39"", ""x29"", ""x78"", ""x75"", ""x70"", ""x69"", ""x28"", ""x30"", ""x90"", ""x79"", ""x11"", ""x71"", ""x21"", ""x121"", ""x91"", ""x34"", ""x87"", ""x73""], [""x45"", ""x51"", ""x4"", ""x47"", ""x16"", ""x41"", ""x68"", ""x29"", ""x33"", ""x70"", ""x74"", ""x72"", ""x63"", ""x90"", ""x79"", ""x11"", ""x21"", ""x121"", ""x91"", ""x38"", ""x34"", ""x87"", ""x73""]]","[{""x45"": -0.14096680961374844, ""x51"": 0.026800242634061503, ""x4"": -0.031219242609344642, ""x46"": -0.1664522559146676, ""x47"": -0.10499357361956946, ""x3"": 0.5925750484474759, ""x39"": 0.2162543461361161, ""x75"": 0.06449505282741952, ""x69"": 0.3479737623574935, ""x72"": 0.2728512537691449, ""x30"": -0.029793160769468887, ""x21"": 0.1318573784163885, ""x121"": 0.013561325501410048, ""x34"": 0.04217920351650896, ""x87"": 0.18797756358412315, ""x73"": -0.050573717148360085}, {""x45"": -0.00013665144255387224, ""x51"": 0.26778749987769307, ""x44"": -0.02117546194342662, ""x4"": -0.16257089973924485, ""x47"": -0.004102511604378194, ""x41"": 0.18643550900503159, ""x42"": 0.12489103794149102, ""x68"": -0.05763748099926795, ""x39"": 0.01002677964017498, ""x29"": -0.1485683660194859, ""x78"": -0.0046327036660085185, ""x75"": 0.10117405119924597, ""x70"": 0.09869357245010514, ""x69"": 0.3844630588407411, ""x28"": 0.0028236915232691495, ""x30"": -0.01221313211340965, ""x90"": 0.032831396416963, ""x79"": -0.13808590322643735, ""x11"": 0.2279875280946707, ""x71"": -0.019192579934256836, ""x21"": 0.04885731468702447, ""x121"": -0.014118239941974944, ""x91"": -0.0024555672032008863, ""x34"": -0.04036252776414613, ""x87"": 0.07187108211697107, ""x73"": -0.12141183788664031}, {""x45"": -0.3621905140086716, ""x51"": 0.016826085157054405, ""x4"": -0.0786565171191819, ""x47"": 0.12629762023462499, ""x16"": -0.46718602045272134, ""x41"": 0.12231652839046982, ""x68"": 0.0005365883883472287, ""x29"": -0.11822242797325874, ""x33"": -0.04576302692431067, ""x70"": 0.08107217305301052, ""x74"": 0.00024096358471250716, ""x72"": 0.01352898725317293, ""x63"": -0.002952834637079515, ""x90"": 0.012074260284030401, ""x79"": -0.05168739698321396, ""x11"": 0.0036708838134897606, ""x21"": 0.052223340814824874, ""x121"": 0.0898524278393686, ""x91"": 0.04103523474072028, ""x38"": 0.06171234088275697, ""x34"": -0.10175930311552592, ""x87"": 0.03884217826397316, ""x73"": -0.015791067966395792}]","[-0.8608860224928078, -1.9564807622157903, -1.7669820576023798]",28,0.20726908664667967,237.4197916984558,crime_beta,quantile_glm,crime_beta_K3_beta-beta-lognormal_L10.0_quantile_glm
beta+beta+lognormal,3,0.5,True,True,,1187.2837815114963,-1567.0643098441733,-2140.5675630229925,1114.4824616517067,"[0.07043360863901675, 0.46256351536398904, 0.46700287599699414]",0.14208069375726778,0.09736191983219823,"[29, 40, 40]",29.0,11.0,"[[1, 4, 5, 6, 7, 8, 9, 10, 13, 14, 15, 16, 20, 21, 22, 23, 24, 25, 26, 27, 29, 31, 32, 33, 34, 35, 38, 39, 40], [1, 2, 3, 4, 5, 6, 7, 8, 9, 10, 11, 12, 13, 14, 15, 16, 17, 18, 19, 20, 21, 22, 23, 24, 25, 26, 27, 28, 29, 30, 31, 32, 33, 34, 35, 36, 37, 38, 39, 40], [1, 2, 3, 4, 5, 6, 7, 8, 9, 10, 11, 12, 13, 14, 15, 16, 17, 18, 19, 20, 21, 22, 23, 24, 25, 26, 27, 28, 29, 30, 31, 32, 33, 34, 35, 36, 37, 38, 39, 40]]","[[""x45"", ""x4"", ""x46"", ""x47"", ""x3"", ""x16"", ""x18"", ""x41"", ""x39"", ""x29"", ""x33"", ""x78"", ""x50"", ""x74"", ""x69"", ""x28"", ""x20"", ""x13"", ""x72"", ""x30"", ""x90"", ""x79"", ""x11"", ""x71"", ""x21"", ""x121"", ""x34"", ""x87"", ""x73""], [""x45"", ""x51"", ""x44"", ""x4"", ""x46"", ""x47"", ""x3"", ""x16"", ""x18"", ""x41"", ""x42"", ""x68"", ""x39"", ""x29"", ""x33"", ""x78"", ""x31"", ""x75"", ""x70"", ""x50"", ""x74"", ""x69"", ""x28"", ""x20"", ""x13"", ""x72"", ""x30"", ""x63"", ""x90"", ""x1"", ""x79"", ""x11"", ""x71"", ""x21"", ""x121"", ""x91"", ""x38"", ""x34"", ""x87"", ""x73""], [""x45"", ""x51"", ""x44"", ""x4"", ""x46"", ""x47"", ""x3"", ""x16"", ""x18"", ""x41"", ""x42"", ""x68"", ""x39"", ""x29"", ""x33"", ""x78"", ""x31"", ""x75"", ""x70"", ""x50"", ""x74"", ""x69"", ""x28"", ""x20"", ""x13"", ""x72"", ""x30"", ""x63"", ""x90"", ""x1"", ""x79"", ""x11"", ""x71"", ""x21"", ""x121"", ""x91"", ""x38"", ""x34"", ""x87"", ""x73""]]","[{""x45"": -0.65150015420096, ""x4"": 0.04219734357375653, ""x46"": -0.351277577335748, ""x47"": 0.5541984914002105, ""x3"": 0.48499912640774956, ""x16"": 0.046534031416266004, ""x18"": 0.07230877187027356, ""x41"": -0.27381298209051536, ""x39"": 0.9062346771375238, ""x29"": 0.14613252375081257, ""x33"": 0.42005119075597264, ""x78"": 0.35756879520928575, ""x50"": -0.5993410646948649, ""x74"": 0.036987948385662495, ""x69"": 0.5681529266874865, ""x28"": 0.0796254166096504, ""x20"": -0.5135128295706429, ""x13"": -0.00046329957209153926, ""x72"": 1.0160960319314285, ""x30"": -0.2597735129901147, ""x90"": -0.21625181306664576, ""x79"": -0.13028358180544566, ""x11"": 0.007794540539716329, ""x71"": 0.22577351952961477, ""x21"": 1.2681465650759964, ""x121"": -0.17182346415301933, ""x34"": 0.2757868901942793, ""x87"": 0.24785441018079787, ""x73"": 0.23187862904570605}, {""x45"": -0.3788353388375391, ""x51"": 0.3110723278047207, ""x44"": 0.039659494049241614, ""x4"": -0.1544686184337937, ""x46"": -0.2242950841769401, ""x47"": 0.10473004797348694, ""x3"": 0.1705486807096053, ""x16"": -0.48209632085817794, ""x18"": -0.09506378294976082, ""x41"": -0.12470852222297413, ""x42"": -0.14055966958673874, ""x68"": 0.30768149415643686, ""x39"": 0.40533124095946077, ""x29"": 0.0029466889102533196, ""x33"": -0.08635105255321468, ""x78"": -0.1146629414745167, ""x31"": 0.1580412127778481, ""x75"": -0.11505816635282179, ""x70"": 0.012222310002328731, ""x50"": -0.22757379000871483, ""x74"": -0.01141997392911397, ""x69"": 0.42982540220634435, ""x28"": -0.12978244823981974, ""x20"": -0.13382621464652644, ""x13"": 0.022890713168293133, ""x72"": 0.19002924156218176, ""x30"": -0.06802580154031836, ""x63"": -0.12564761509268696, ""x90"": 0.23278401391133308, ""x1"": -0.1606613179897202, ""x79"": -0.13535820205237273, ""x11"": 0.3436396209108585, ""x71"": -0.035702673548202155, ""x21"": 0.09549361222722134, ""x121"": -0.042799302963891485, ""x91"": 0.21527109347269202, ""x38"": 0.30379973100462576, ""x34"": -0.03328676774770913, ""x87"": 0.12111454162021128, ""x73"": -0.009837176475114286}, {""x45"": -0.9477359526774585, ""x51"": 0.014432613214769317, ""x44"": 0.7785439956672348, ""x4"": -0.04084826669601087, ""x46"": 0.16314629655008617, ""x47"": 0.029000686253283506, ""x3"": -0.04821805941408876, ""x16"": -0.3943747174636429, ""x18"": 0.11110118951089071, ""x41"": 0.27916588179886315, ""x42"": 0.27969273318329496, ""x68"": -0.17480019083676032, ""x39"": -0.3258929835753377, ""x29"": -0.3054850776757037, ""x33"": -0.0725092572663903, ""x78"": -0.008882496339186427, ""x31"": -0.08233078899806286, ""x75"": 0.14099065298520447, ""x70"": 0.08312560064418997, ""x50"": 0.04464556468748986, ""x74"": -0.08454247807138646, ""x69"": -0.0389929885632216, ""x28"": -0.1507820780624908, ""x20"": 0.27188321185044495, ""x13"": -0.2735786131534829, ""x72"": -0.019677181534990703, ""x30"": 0.057401827484678966, ""x63"": 0.0013236006453819496, ""x90"": 0.047128788854274156, ""x1"": -0.0119684612900098, ""x79"": -0.010986027377225883, ""x11"": 0.13127725256459105, ""x71"": 0.03650821395771189, ""x21"": -0.04048717046224793, ""x121"": 0.07002681079997751, ""x91"": 0.0008487451250663084, ""x38"": 0.061119403428504686, ""x34"": -0.26907007781016645, ""x87"": 0.007149191739295511, ""x73"": -0.0952179099104607}]","[-0.6155757533970617, -1.5415174489699282, -1.8770867223695085]",15,0.07043360863901675,279.52656602859497,crime_beta,kmeans_glm,crime_beta_K3_beta-beta-lognormal_L0.5_kmeans_glm
beta+lognormal,2,20.0,True,True,,1081.635616373445,-1907.9069561005965,-2089.27123274689,1112.5429751484312,"[0.23406714805262266, 0.7659328519473774]",0.15939257494877293,0.1031226466205136,"[11, 21]",8.0,16.0,"[[2, 4, 6, 7, 13, 20, 22, 26, 36, 39, 40], [1, 4, 6, 8, 10, 13, 14, 15, 18, 19, 22, 26, 31, 32, 34, 35, 36, 37, 38, 39, 40]]","[[""x51"", ""x4"", ""x47"", ""x3"", ""x39"", ""x50"", ""x69"", ""x72"", ""x91"", ""x87"", ""x73""], [""x45"", ""x4"", ""x47"", ""x16"", ""x41"", ""x39"", ""x29"", ""x33"", ""x75"", ""x70"", ""x69"", ""x72"", ""x79"", ""x11"", ""x21"", ""x121"", ""x91"", ""x38"", ""x34"", ""x87"", ""x73""]]","[{""x51"": 0.33846765592995687, ""x4"": -0.2125950700981329, ""x47"": -0.06782197390258901, ""x3"": 0.33518532625813335, ""x39"": 0.3220388890512748, ""x50"": 0.011640841694245346, ""x69"": 0.1713423686010311, ""x72"": 0.03779536098485102, ""x91"": 0.10322815355706903, ""x87"": 0.11262869490348357, ""x73"": -0.1354161150058058}, {""x45"": -0.3495370778278427, ""x4"": -0.10624719771709876, ""x47"": 0.04585968368476729, ""x16"": -0.31712625778640124, ""x41"": 0.12546264520240907, ""x39"": 0.01054416021001958, ""x29"": -0.021686244220346342, ""x33"": -0.052103077197569035, ""x75"": 0.013565437957223335, ""x70"": 0.0807257624581635, ""x69"": 0.11958080040357158, ""x72"": 0.07681212840746084, ""x79"": -0.0787639259288256, ""x11"": 0.008181167200611985, ""x21"": 0.12399414250487797, ""x121"": 0.061735467448854345, ""x91"": 0.016197515608097807, ""x38"": 0.00454979414575211, ""x34"": -0.011774942789653874, ""x87"": 0.05472486576232712, ""x73"": -0.017014542859672077}]","[-0.9088502492208312, -1.9558980770719745]",4,0.23406714805262266,62.731454372406006,crime_beta,kmeans_glm,crime_beta_K2_beta-lognormal_L20.0_kmeans_glm
beta+lognormal,2,0.5,True,True,,1121.4421278905247,-1676.9418048352104,-2078.8842557810494,1107.045786464667,"[0.21740665762831313, 0.7825933423716869]",0.1477046011083985,0.09957580565362437,"[37, 40]",37.0,3.0,"[[1, 2, 3, 4, 5, 6, 7, 8, 9, 10, 11, 13, 14, 15, 16, 17, 18, 19, 20, 21, 22, 23, 24, 26, 27, 28, 29, 30, 31, 33, 34, 35, 36, 37, 38, 39, 40], [1, 2, 3, 4, 5, 6, 7, 8, 9, 10, 11, 12, 13, 14, 15, 16, 17, 18, 19, 20, 21, 22, 23, 24, 25, 26, 27, 28, 29, 30, 31, 32, 33, 34, 35, 36, 37, 38, 39, 40]]","[[""x45"", ""x51"", ""x44"", ""x4"", ""x46"", ""x47"", ""x3"", ""x16"", ""x18"", ""x41"", ""x42"", ""x39"", ""x29"", ""x33"", ""x78"", ""x31"", ""x75"", ""x70"", ""x50"", ""x74"", ""x69"", ""x28"", ""x20"", ""x72"", ""x30"", ""x63"", ""x90"", ""x1"", ""x79"", ""x71"", ""x21"", ""x121"", ""x91"", ""x38"", ""x34"", ""x87"", ""x73""], [""x45"", ""x51"", ""x44"", ""x4"", ""x46"", ""x47"", ""x3"", ""x16"", ""x18"", ""x41"", ""x42"", ""x68"", ""x39"", ""x29"", ""x33"", ""x78"", ""x31"", ""x75"", ""x70"", ""x50"", ""x74"", ""x69"", ""x28"", ""x20"", ""x13"", ""x72"", ""x30"", ""x63"", ""x90"", ""x1"", ""x79"", ""x11"", ""x71"", ""x21"", ""x121"", ""x91"", ""x38"", ""x34"", ""x87"", ""x73""]]","[{""x45"": -0.1949681342235469, ""x51"": 0.11899577542106858, ""x44"": 0.15095349931922167, ""x4"": 0.11463234075978396, ""x46"": -0.32353289484031955, ""x47"": 0.0007067188348018486, ""x3"": 0.6517365745268859, ""x16"": -0.22906517709231242, ""x18"": 0.04018719509866025, ""x41"": -0.3841640829866697, ""x42"": 0.116476296906523, ""x39"": 0.6322775267505897, ""x29"": 0.35201636388113444, ""x33"": 0.14779371637426963, ""x78"": -0.5236907929659343, ""x31"": 0.2563200434696023, ""x75"": 0.0714756748864695, ""x70"": -0.06509274458650882, ""x50"": -0.25969743460902406, ""x74"": 0.05012783327937631, ""x69"": 0.46094360450400285, ""x28"": -0.42758711336327687, ""x20"": -0.5650192550784635, ""x72"": 0.9372922873223106, ""x30"": -0.22028283725612155, ""x63"": 0.07951680711489986, ""x90"": -0.11605242169805272, ""x1"": -0.15122862983086383, ""x79"": 0.015024368182672802, ""x71"": 0.01975314407466948, ""x21"": 0.7231018347275939, ""x121"": -7.625281402811075e-05, ""x91"": 0.2650328060459845, ""x38"": 0.29112291750108416, ""x34"": 0.17372805281566148, ""x87"": 0.16508041150616934, ""x73"": 0.057341994778870364}, {""x45"": -0.6448054442564624, ""x51"": 0.09646122906478138, ""x44"": 0.23521619988333337, ""x4"": -0.0874236448406425, ""x46"": 0.01365369986323901, ""x47"": 0.12241888691567876, ""x3"": -0.028658332206257145, ""x16"": -0.41581112588962066, ""x18"": 0.017361345245111647, ""x41"": 0.18043693612841374, ""x42"": -0.037059781708311666, ""x68"": 0.001030635857360588, ""x39"": 0.009592894829134039, ""x29"": -0.1273514305493826, ""x33"": -0.11126298751325693, ""x78"": 0.007957267928961016, ""x31"": -0.08876973484649416, ""x75"": 0.02531413654685234, ""x70"": 0.08462055549098128, ""x50"": -0.06598851601965779, ""x74"": 0.04633649541360723, ""x69"": 0.1727366335886777, ""x28"": -0.08122659037549944, ""x20"": 0.24557760979180493, ""x13"": -0.23600469363359688, ""x72"": 0.046907037202070095, ""x30"": 0.05788003242852558, ""x63"": -0.05002159823709224, ""x90"": 0.05058752173583185, ""x1"": -0.023456347673025558, ""x79"": -0.08392105261465849, ""x11"": 0.1401876527071734, ""x71"": -0.0029692359183164816, ""x21"": 0.035077414414636875, ""x121"": 0.0658057078143229, ""x91"": 0.006692169565137041, ""x38"": 0.06537052829329915, ""x34"": -0.09441337928109948, ""x87"": 0.0343196265539541, ""x73"": -0.03246648620654214}]","[-0.9120679572319901, -1.9447643184041963]",8,0.21740665762831313,106.13756704330444,crime_beta,kmeans_glm,crime_beta_K2_beta-lognormal_L0.5_kmeans_glm
beta+gaussian+lognormal,3,5.0,True,True,,1165.714901441705,-1689.5682426643486,-2145.42980288341,1106.814142533584,"[0.08214848463052662, 0.22464881593089892, 0.6932026994385744]",0.1491131424588313,0.10058353686999431,"[14, 38, 33]",10.0,30.0,"[[1, 2, 5, 7, 10, 11, 13, 22, 31, 34, 36, 37, 39, 40], [1, 2, 3, 4, 5, 6, 7, 8, 9, 10, 12, 13, 14, 15, 16, 17, 18, 19, 20, 21, 22, 23, 25, 26, 27, 28, 29, 30, 31, 32, 33, 34, 35, 36, 37, 38, 39, 40], [1, 4, 6, 7, 8, 9, 10, 12, 13, 14, 15, 16, 17, 18, 19, 20, 21, 22, 23, 24, 25, 26, 28, 29, 31, 32, 33, 34, 35, 37, 38, 39, 40]]","[[""x45"", ""x51"", ""x46"", ""x3"", ""x41"", ""x42"", ""x39"", ""x69"", ""x79"", ""x21"", ""x91"", ""x38"", ""x87"", ""x73""], [""x45"", ""x51"", ""x44"", ""x4"", ""x46"", ""x47"", ""x3"", ""x16"", ""x18"", ""x41"", ""x68"", ""x39"", ""x29"", ""x33"", ""x78"", ""x31"", ""x75"", ""x70"", ""x50"", ""x74"", ""x69"", ""x28"", ""x13"", ""x72"", ""x30"", ""x63"", ""x90"", ""x1"", ""x79"", ""x11"", ""x71"", ""x21"", ""x121"", ""x91"", ""x38"", ""x34"", ""x87"", ""x73""], [""x45"", ""x4"", ""x47"", ""x3"", ""x16"", ""x18"", ""x41"", ""x68"", ""x39"", ""x29"", ""x33"", ""x78"", ""x31"", ""x75"", ""x70"", ""x50"", ""x74"", ""x69"", ""x28"", ""x20"", ""x13"", ""x72"", ""x63"", ""x90"", ""x79"", ""x11"", ""x71"", ""x21"", ""x121"", ""x38"", ""x34"", ""x87"", ""x73""]]","[{""x45"": -0.009370680352420842, ""x51"": 0.028096552205530565, ""x46"": -0.08998113267242053, ""x3"": 0.544345096935091, ""x41"": 0.1836080529854539, ""x42"": 0.22707626725084754, ""x39"": 0.27466668968359675, ""x69"": 0.2278066806445862, ""x79"": -0.02404428050388764, ""x21"": 0.2116978373548636, ""x91"": 0.08901269612744588, ""x38"": 0.018818334648113225, ""x87"": 0.19056868855068707, ""x73"": -0.04067866905286897}, {""x45"": -0.09790299110809324, ""x51"": 0.02501992477689556, ""x44"": 0.12128831605231241, ""x4"": -0.019318664948386913, ""x46"": -0.018091824310212837, ""x47"": 0.0007722464608749493, ""x3"": 0.0803030382119837, ""x16"": -0.04522622414215775, ""x18"": 0.06703346178838097, ""x41"": 0.03659599466969925, ""x68"": -0.002041706811827554, ""x39"": -0.039208403298463895, ""x29"": -0.07854501986610533, ""x33"": 0.021576369629357616, ""x78"": -0.035207763439009186, ""x31"": 0.04703313163766313, ""x75"": 0.013236119927822988, ""x70"": 0.03141351565890766, ""x50"": -0.00037323010471782784, ""x74"": 2.5173289540757816e-05, ""x69"": -0.001996436301666188, ""x28"": -0.019889237213567168, ""x13"": -0.03442205581737658, ""x72"": 0.03184796306412513, ""x30"": -0.005587720128278293, ""x63"": -0.011553926495856506, ""x90"": 0.01680386700067629, ""x1"": -0.10677825005559147, ""x79"": 0.0017646532489620328, ""x11"": 0.07569177514951303, ""x71"": 0.02739961355013591, ""x21"": -0.018608015652374455, ""x121"": -0.0023491427971268843, ""x91"": 0.031585714678432415, ""x38"": 0.07101996927154981, ""x34"": -0.0025912643611151003, ""x87"": 0.022263571071577885, ""x73"": -0.033095226157189295}, {""x45"": -0.4930618074110151, ""x4"": -0.09958988850384909, ""x47"": 0.09962364043203537, ""x3"": -0.0017964828290016814, ""x16"": -0.33999433506827564, ""x18"": 0.0002231995741118537, ""x41"": 0.04872313488720413, ""x68"": 0.01967871216264767, ""x39"": 0.09714485757056572, ""x29"": -0.022909858122908005, ""x33"": -0.12821630121211763, ""x78"": -0.005134513966705944, ""x31"": -0.022964421425346354, ""x75"": 0.024564559696582916, ""x70"": 0.05349462059997631, ""x50"": -0.11389290832657112, ""x74"": 0.0042385211572807365, ""x69"": 0.19495717900540896, ""x28"": -7.716727312457676e-05, ""x20"": 0.01898524344292354, ""x13"": -1.2301106768043101e-05, ""x72"": 0.033195577883111727, ""x63"": -0.0019096454243187082, ""x90"": 0.03846797775657895, ""x79"": -0.08907190292644113, ""x11"": 0.13806454907963514, ""x71"": -0.02524428341665685, ""x21"": 0.12560851567647965, ""x121"": 0.07262155846984053, ""x38"": 0.002946447663820335, ""x34"": -0.03083155481676837, ""x87"": 0.05003437409638826, ""x73"": -0.040734619257786236}]","[-0.4302502896297713, 0.2815035332543119, -2.027883469837057]",20,0.08214848463052662,86.8878185749054,crime_beta,kmeans_glm,crime_beta_K3_beta-gaussian-lognormal_L5.0_kmeans_glm
beta+lognormal,2,20.0,True,True,,1081.869885173924,-1915.2772309082115,-2091.739770347848,1104.0117428948447,"[0.29489045209234116, 0.7051095479076588]",0.1519158192514353,0.10087506069266036,"[12, 19]",7.0,17.0,"[[2, 4, 6, 7, 13, 20, 22, 25, 26, 36, 39, 40], [1, 4, 6, 8, 10, 14, 15, 18, 19, 22, 26, 31, 32, 34, 35, 36, 38, 39, 40]]","[[""x51"", ""x4"", ""x47"", ""x3"", ""x39"", ""x50"", ""x69"", ""x13"", ""x72"", ""x91"", ""x87"", ""x73""], [""x45"", ""x4"", ""x47"", ""x16"", ""x41"", ""x29"", ""x33"", ""x75"", ""x70"", ""x69"", ""x72"", ""x79"", ""x11"", ""x21"", ""x121"", ""x91"", ""x34"", ""x87"", ""x73""]]","[{""x51"": 0.37773954165457574, ""x4"": -0.24601656745759132, ""x47"": -0.04703617071537298, ""x3"": 0.3232520837461801, ""x39"": 0.3451348163602443, ""x50"": 0.0017733786894551886, ""x69"": 0.14760812986334618, ""x13"": 0.0067387755570826845, ""x72"": 0.05644365274243159, ""x91"": 0.1147871995450937, ""x87"": 0.14067237243107067, ""x73"": -0.14315831201136944}, {""x45"": -0.3772481592723576, ""x4"": -0.06810246191720978, ""x47"": 0.05575840883514207, ""x16"": -0.34203929517211756, ""x41"": 0.12050955105457374, ""x29"": -0.011570400919972228, ""x33"": -0.05632493548892798, ""x75"": 0.013651264924024947, ""x70"": 0.08258683354095397, ""x69"": 0.1301127204747313, ""x72"": 0.08168827768865719, ""x79"": -0.08042479318570682, ""x11"": 0.0024109949030091692, ""x21"": 0.1479727275311239, ""x121"": 0.06302444326660055, ""x91"": 0.014084651462826413, ""x34"": -0.006712022546984234, ""x87"": 0.0431943088033318, ""x73"": -0.006894877757191516}]","[-0.9965688357902074, -1.9552908950439594]",26,0.29489045209234116,115.13479948043823,crime_beta,quantile_glm,crime_beta_K2_beta-lognormal_L20.0_quantile_glm
beta+gaussian+lognormal,3,2.0,True,True,,1173.2249776097192,-1614.8658113138415,-2134.4499552194384,1102.2314540377115,"[0.0911461159357992, 0.22006670152874436, 0.6887871825354565]",0.14633275109347316,0.0993813703723277,"[21, 40, 37]",20.0,20.0,"[[5, 7, 10, 11, 13, 14, 15, 16, 18, 20, 22, 26, 31, 33, 34, 35, 36, 37, 38, 39, 40], [1, 2, 3, 4, 5, 6, 7, 8, 9, 10, 11, 12, 13, 14, 15, 16, 17, 18, 19, 20, 21, 22, 23, 24, 25, 26, 27, 28, 29, 30, 31, 32, 33, 34, 35, 36, 37, 38, 39, 40], [1, 2, 3, 4, 5, 6, 7, 8, 9, 10, 12, 13, 14, 15, 16, 17, 18, 19, 20, 21, 22, 23, 24, 25, 26, 28, 29, 31, 32, 33, 34, 35, 36, 37, 38, 39, 40]]","[[""x46"", ""x3"", ""x41"", ""x42"", ""x39"", ""x29"", ""x33"", ""x78"", ""x75"", ""x50"", ""x69"", ""x72"", ""x79"", ""x71"", ""x21"", ""x121"", ""x91"", ""x38"", ""x34"", ""x87"", ""x73""], [""x45"", ""x51"", ""x44"", ""x4"", ""x46"", ""x47"", ""x3"", ""x16"", ""x18"", ""x41"", ""x42"", ""x68"", ""x39"", ""x29"", ""x33"", ""x78"", ""x31"", ""x75"", ""x70"", ""x50"", ""x74"", ""x69"", ""x28"", ""x20"", ""x13"", ""x72"", ""x30"", ""x63"", ""x90"", ""x1"", ""x79"", ""x11"", ""x71"", ""x21"", ""x121"", ""x91"", ""x38"", ""x34"", ""x87"", ""x73""], [""x45"", ""x51"", ""x44"", ""x4"", ""x46"", ""x47"", ""x3"", ""x16"", ""x18"", ""x41"", ""x68"", ""x39"", ""x29"", ""x33"", ""x78"", ""x31"", ""x75"", ""x70"", ""x50"", ""x74"", ""x69"", ""x28"", ""x20"", ""x13"", ""x72"", ""x63"", ""x90"", ""x79"", ""x11"", ""x71"", ""x21"", ""x121"", ""x91"", ""x38"", ""x34"", ""x87"", ""x73""]]","[{""x46"": -0.12181344668598595, ""x3"": 0.6031303717008307, ""x41"": 0.0967653736528685, ""x42"": 0.3074696736261546, ""x39"": 0.42555014430048116, ""x29"": 0.1363131306803039, ""x33"": 0.10189789946408087, ""x78"": 0.06399924604909672, ""x75"": 7.789403177742681e-05, ""x50"": -0.11902376452290653, ""x69"": 0.38531811434381663, ""x72"": 0.1513873497311261, ""x79"": -0.14272351301365113, ""x71"": 0.14337039079136307, ""x21"": 0.4542965958061698, ""x121"": -0.04946405829348873, ""x91"": 0.10389591421735814, ""x38"": 0.03754550501646802, ""x34"": -0.00010077281307916316, ""x87"": 0.19870755251499198, ""x73"": -0.03386568078957316}, {""x45"": -0.10846870701970404, ""x51"": 0.026308097473633982, ""x44"": 0.1416054142496586, ""x4"": -0.0186448981435459, ""x46"": -0.02239755812277662, ""x47"": -0.0013470786554322287, ""x3"": 0.08202739904801956, ""x16"": -0.042088457064269516, ""x18"": 0.06684535294607717, ""x41"": 0.044458075048015674, ""x42"": -0.0009456398835210619, ""x68"": -0.00538183742218569, ""x39"": -0.0438092076361244, ""x29"": -0.0817960505872987, ""x33"": 0.022758859111136138, ""x78"": -0.03384125359987668, ""x31"": 0.054336940719737874, ""x75"": 0.011381060216701225, ""x70"": 0.03438105700409145, ""x50"": -0.0016332807427311394, ""x74"": 0.002059848011328071, ""x69"": -0.003311722105850408, ""x28"": -0.019620479796458864, ""x20"": 0.012800620051748736, ""x13"": -0.042566148095105616, ""x72"": 0.03788492222333697, ""x30"": -0.009494840909024136, ""x63"": -0.011964902003547629, ""x90"": 0.0157539129044965, ""x1"": -0.12202988493994892, ""x79"": 0.0011236397682244635, ""x11"": 0.08895992501583515, ""x71"": 0.02917552970048817, ""x21"": -0.02685519610586576, ""x121"": -0.0016908833863457963, ""x91"": 0.03112825407347486, ""x38"": 0.07432928345533896, ""x34"": -0.0032387174802795786, ""x87"": 0.021934666103346805, ""x73"": -0.03253379301562078}, {""x45"": -0.570140441081777, ""x51"": 0.017610351794408365, ""x44"": 0.028441222127313075, ""x4"": -0.10301273925989336, ""x46"": 0.0015676338451758181, ""x47"": 0.11941475143533972, ""x3"": -0.02874700877612067, ""x16"": -0.38184515807384134, ""x18"": 0.021098022697834045, ""x41"": 0.026716815733599887, ""x68"": 0.04635297782323989, ""x39"": 0.09602521794400842, ""x29"": -0.03873088901355287, ""x33"": -0.13780739107367054, ""x78"": -0.01470478909061523, ""x31"": -0.053381423950414925, ""x75"": 0.02366475160508227, ""x70"": 0.05039940026396023, ""x50"": -0.12631246353048708, ""x74"": 0.005423278182008228, ""x69"": 0.21477191860556885, ""x28"": -0.015321636583329613, ""x20"": 0.06822657104304564, ""x13"": -0.07652656965763724, ""x72"": 0.02913613439700581, ""x63"": -0.02306175483859244, ""x90"": 0.04485687877815949, ""x79"": -0.08837582582425742, ""x11"": 0.156028480012418, ""x71"": -0.02594916821399827, ""x21"": 0.14425573486196164, ""x121"": 0.07533315860549218, ""x91"": -0.0005682024200342648, ""x38"": 0.00752635616566858, ""x34"": -0.02896526687196934, ""x87"": 0.04551727919317244, ""x73"": -0.040005655189470815}]","[-0.5127881149910596, 0.2830847184551721, -2.032307014486124]",21,0.0911461159357992,147.45269417762756,crime_beta,kmeans_glm,crime_beta_K3_beta-gaussian-lognormal_L2.0_kmeans_glm
beta+beta+lognormal,3,20.0,True,True,,1111.044211891955,-1821.7876657978286,-2106.08842378391,1102.2197498125186,"[0.21010579171705662, 0.3539060372305391, 0.4359881710524043]",0.1420005603107469,0.09867152877203836,"[13, 20, 17]",5.0,23.0,"[[1, 2, 4, 5, 6, 7, 13, 22, 26, 34, 35, 39, 40], [1, 2, 3, 4, 10, 11, 12, 13, 14, 18, 19, 20, 22, 29, 31, 32, 33, 34, 39, 40], [1, 2, 4, 6, 7, 8, 10, 14, 19, 29, 31, 32, 35, 36, 38, 39, 40]]","[[""x45"", ""x51"", ""x4"", ""x46"", ""x47"", ""x3"", ""x39"", ""x69"", ""x72"", ""x21"", ""x121"", ""x87"", ""x73""], [""x45"", ""x51"", ""x44"", ""x4"", ""x41"", ""x42"", ""x68"", ""x39"", ""x29"", ""x75"", ""x70"", ""x50"", ""x69"", ""x90"", ""x79"", ""x11"", ""x71"", ""x21"", ""x87"", ""x73""], [""x45"", ""x51"", ""x4"", ""x47"", ""x3"", ""x16"", ""x41"", ""x29"", ""x70"", ""x90"", ""x79"", ""x11"", ""x121"", ""x91"", ""x34"", ""x87"", ""x73""]]","[{""x45"": -0.15284478078238334, ""x51"": 0.1154947302772588, ""x4"": -0.1760664726676655, ""x46"": -0.04779186918413128, ""x47"": -0.09031384621707812, ""x3"": 0.39650589759323546, ""x39"": 0.18492620233055726, ""x69"": 0.18427607888706637, ""x72"": 0.2566700888926424, ""x21"": 0.008189384206708753, ""x121"": 0.019307311252889498, ""x87"": 0.14365891273053846, ""x73"": -0.0335425786397509}, {""x45"": -0.00017314196320036864, ""x51"": 0.24140950486975263, ""x44"": -0.0001267803096950176, ""x4"": -0.15424802317149816, ""x41"": 0.16567492615200494, ""x42"": 0.10346751688708229, ""x68"": -0.04015003203774044, ""x39"": 0.05255319278055431, ""x29"": -0.058582043206603505, ""x75"": 0.07263095043619316, ""x70"": 0.08684592426297533, ""x50"": 0.029069655564283762, ""x69"": 0.3425931206313102, ""x90"": 0.016829798798749202, ""x79"": -0.09051879912641836, ""x11"": 0.21543191182209084, ""x71"": -0.012630905179507487, ""x21"": 0.09149369979018426, ""x87"": 0.09191498865841498, ""x73"": -0.10658303099116753}, {""x45"": -0.18914120476478807, ""x51"": 0.0011679846600368194, ""x4"": -0.1059476146157363, ""x47"": 0.00045456248188400545, ""x3"": 0.01265354981339286, ""x16"": -0.38521131800510283, ""x41"": 0.1478854159236339, ""x29"": -0.03897138455285223, ""x70"": 0.08987563329513965, ""x90"": 0.01153276981480552, ""x79"": -0.06109309626850337, ""x11"": 0.0006495848046970093, ""x121"": 0.08339959218823496, ""x91"": 0.05110670870437327, ""x34"": -0.0400874082951794, ""x87"": 0.002972343616072336, ""x73"": -0.03451812487200494}]","[-0.8011551294929602, -1.90371211372566, -1.7727749073039916]",28,0.21010579171705662,218.21411442756653,crime_beta,quantile_glm,crime_beta_K3_beta-beta-lognormal_L20.0_quantile_glm
