families,K,lambda,nonidentical,converged,error,loglik_train,bic,aic,test_loglik,pi,extras,test_rmse,test_mae,prediction_finite,prediction_max,prediction_q99,prediction_stable,baseline_mean_rmse,baseline_median_mae,rmse_skill,mae_skill,active_counts,shared_active,symmetric_diff,active_sets,active_features,active_coefficients,component_intercepts,n_iter,min_pi,seconds,dataset,split_id,split_seed,n_train,n_test,offset_used,init,task_id,test_loglik_per_obs
poisson+nb2+zip,3,10.0,True,True,,-2996.422402583006,6619.009160795974,6140.844805166012,-772.9560070958461,"[0.8500181827464033, 0.06412488549972678, 0.08585693175386995]","[{}, {""log_alpha"": 1.375753048005112}, {""logit_theta"": -0.08250354977959604}]",1.9034921915056562,0.7200007645407634,True,3.3450595664600296,1.7978144421395037,True,1.9292564597684514,0.4560067681895093,0.01335450667138749,-0.5789256098092437,"[32, 14, 21]",7.0,34.0,"[[1, 2, 3, 10, 12, 14, 15, 16, 17, 18, 19, 20, 22, 23, 24, 25, 26, 27, 29, 32, 35, 37, 39, 41, 42, 43, 44, 45, 46, 47, 48, 49], [1, 2, 3, 4, 5, 6, 7, 12, 14, 19, 29, 32, 41, 47], [1, 2, 3, 4, 5, 8, 14, 16, 18, 20, 24, 26, 28, 32, 33, 34, 39, 41, 45, 47, 50]]","[[""xage"", ""child"", ""physlm"", ""fmde"", ""disea"", ""black"", ""coins"", ""ghindx"", ""pioff"", ""mhi"", ""site_5"", ""plan_16"", ""site_3"", ""hlthf"", ""plan_15"", ""year_3"", ""female"", ""site_4"", ""tookphys"", ""hlthp"", ""year_5"", ""year_4"", ""plan_17"", ""plan_14"", ""site_2"", ""plan_3"", ""time"", ""plan_7"", ""idp"", ""site_6"", ""plan_4"", ""educdec""], [""xage"", ""child"", ""physlm"", ""lnum"", ""lfam"", ""num"", ""plan_11"", ""disea"", ""black"", ""site_5"", ""tookphys"", ""hlthp"", ""plan_14"", ""site_6""], [""xage"", ""child"", ""physlm"", ""lnum"", ""lfam"", ""mdeoff"", ""black"", ""ghindx"", ""mhi"", ""plan_16"", ""plan_15"", ""female"", ""plan_5"", ""hlthp"", ""linc"", ""plan_6"", ""plan_17"", ""plan_14"", ""plan_7"", ""site_6"", ""plan_13""]]","[{""xage"": 0.19709466507038675, ""child"": -0.15410171324702102, ""physlm"": 0.0097140918386629, ""fmde"": -0.248967958813665, ""disea"": 0.015713541493290874, ""black"": -0.061613163436230724, ""coins"": -0.06404108402598843, ""ghindx"": -0.037285440901797196, ""pioff"": 0.014954020288824064, ""mhi"": -0.019918310924332203, ""site_5"": -0.12070439832645904, ""plan_16"": -0.05493889764200954, ""site_3"": 0.09135471491039585, ""hlthf"": 0.07061447316778219, ""plan_15"": -0.09722700415307794, ""year_3"": -0.06832699976094152, ""female"": 0.10110632333013295, ""site_4"": -0.20947643946968741, ""tookphys"": 0.014624243671529473, ""hlthp"": 0.05933401737649947, ""year_5"": -0.07828185019572469, ""year_4"": -0.046179525741970665, ""plan_17"": 0.09793055390866538, ""plan_14"": -0.0252532079384245, ""site_2"": -0.14196049198422345, ""plan_3"": -0.010257293199083254, ""time"": 0.028525883835902426, ""plan_7"": 0.08523768218183786, ""idp"": -0.03815472996695469, ""site_6"": -0.344463994620122, ""plan_4"": -0.024742061337418745, ""educdec"": 0.022513547167576056}, {""xage"": 0.051673991462459955, ""child"": -0.44033110065773273, ""physlm"": 0.1266946509338788, ""lnum"": -0.04428432845640593, ""lfam"": -0.04428432845640593, ""num"": -0.10252748372036342, ""plan_11"": 0.07129707431623179, ""disea"": 0.033189677128368796, ""black"": -0.09303392690166114, ""site_5"": -0.0800078291675108, ""tookphys"": 0.06906090330053269, ""hlthp"": 0.029049887345241512, ""plan_14"": 0.06770719463711669, ""site_6"": 0.48582773243927013}, {""xage"": 0.4332050552553785, ""child"": -0.11726357672053815, ""physlm"": 0.2659497349476554, ""lnum"": -0.04194294063062241, ""lfam"": -0.04194293892623193, ""mdeoff"": -0.2905608092051511, ""black"": -0.4020172705608126, ""ghindx"": -0.17180316669351392, ""mhi"": -0.1319797904673464, ""plan_16"": -0.0585319758946478, ""plan_15"": -0.09148816116281948, ""female"": -0.09479485157399099, ""plan_5"": -0.010603820980289082, ""hlthp"": -0.06088850901806579, ""linc"": 0.07767371424747978, ""plan_6"": -0.05848036343991683, ""plan_17"": 0.0993678640950819, ""plan_14"": 0.025969768261809755, ""plan_7"": -0.016782428343044276, ""site_6"": 0.14123667907187276, ""plan_13"": 0.33123404354922853}]","[-2.1816905967957725, 1.129871417050862, -0.09633106198590476]",10,0.06412488549972678,285.81655979156494,randhealth_notmdvis_baseline,2,20262630,4730,1182,False,quantile_glm,randhealth_notmdvis_baseline_S2_K3_poisson-nb2-zip_L10.0_quantile_glm,-0.6539390922976701
poisson+poisson+nb2,3,10.0,True,True,,-2992.109665945871,6635.768728966162,6138.219331891742,-775.2180798463072,"[0.8605740326409757, 0.07236664407985838, 0.06705932327916592]","[{}, {}, {""log_alpha"": 1.2837102390110051}]",1.9090362834042993,0.7272129641152165,True,3.830628512618724,2.2521373012585673,True,1.9292564597684514,0.4560067681895093,0.01048081309344373,-0.5947416021970053,"[32, 21, 18]",8.0,35.0,"[[1, 2, 3, 10, 12, 14, 15, 16, 17, 18, 19, 20, 22, 23, 24, 25, 26, 27, 29, 32, 35, 37, 39, 41, 42, 43, 44, 45, 46, 47, 48, 49], [1, 3, 4, 5, 8, 14, 16, 18, 19, 20, 23, 24, 26, 31, 32, 33, 34, 39, 41, 47, 50], [1, 2, 3, 4, 5, 6, 7, 12, 14, 19, 20, 21, 27, 29, 30, 32, 41, 47]]","[[""xage"", ""child"", ""physlm"", ""fmde"", ""disea"", ""black"", ""coins"", ""ghindx"", ""pioff"", ""mhi"", ""site_5"", ""plan_16"", ""site_3"", ""hlthf"", ""plan_15"", ""year_3"", ""female"", ""site_4"", ""tookphys"", ""hlthp"", ""year_5"", ""year_4"", ""plan_17"", ""plan_14"", ""site_2"", ""plan_3"", ""time"", ""plan_7"", ""idp"", ""site_6"", ""plan_4"", ""educdec""], [""xage"", ""physlm"", ""lnum"", ""lfam"", ""mdeoff"", ""black"", ""ghindx"", ""mhi"", ""site_5"", ""plan_16"", ""hlthf"", ""plan_15"", ""female"", ""plan_19"", ""hlthp"", ""linc"", ""plan_6"", ""plan_17"", ""plan_14"", ""site_6"", ""plan_13""], [""xage"", ""child"", ""physlm"", ""lnum"", ""lfam"", ""num"", ""plan_11"", ""disea"", ""black"", ""site_5"", ""plan_16"", ""lpi"", ""site_4"", ""tookphys"", ""hlthg"", ""hlthp"", ""plan_14"", ""site_6""]]","[{""xage"": 0.19100318680662318, ""child"": -0.14048042844139347, ""physlm"": 0.006183868443473586, ""fmde"": -0.2515492283270978, ""disea"": 0.019050758899728657, ""black"": -0.057692404004662697, ""coins"": -0.03750197573773058, ""ghindx"": -0.03026720257896369, ""pioff"": 0.018931717248398344, ""mhi"": -0.016678616869104837, ""site_5"": -0.1141357441467666, ""plan_16"": -0.06793668884132849, ""site_3"": 0.0966238468470005, ""hlthf"": 0.0682892460825986, ""plan_15"": -0.10291193354817132, ""year_3"": -0.06487515170152965, ""female"": 0.10707354738287751, ""site_4"": -0.220114683723425, ""tookphys"": 0.01439524783042948, ""hlthp"": 0.06257259844330629, ""year_5"": -0.07609853775278969, ""year_4"": -0.04301847660612596, ""plan_17"": 0.09792599498629072, ""plan_14"": -0.042659948055576616, ""site_2"": -0.15584644800999678, ""plan_3"": -0.008533288983685298, ""time"": 0.023968347954222386, ""plan_7"": 0.08715723020171316, ""idp"": -0.06213171108478114, ""site_6"": -0.3618487639435469, ""plan_4"": -0.024450015961269445, ""educdec"": 0.01719160884588758}, {""xage"": 0.585894421683843, ""physlm"": 0.3536295907479132, ""lnum"": -0.05611655584291182, ""lfam"": -0.056116555978686915, ""mdeoff"": -0.3690753208811154, ""black"": -0.31549447674393916, ""ghindx"": -0.24890476605669998, ""mhi"": -0.13946937805379142, ""site_5"": -0.10322514422070439, ""plan_16"": -0.015322953543164822, ""hlthf"": -0.007580009500822065, ""plan_15"": -0.10163649283825846, ""female"": -0.09885239574705519, ""plan_19"": -0.06229877498021893, ""hlthp"": -0.11888419968464636, ""linc"": 0.03151236357265785, ""plan_6"": -0.07495732320372155, ""plan_17"": 0.13058687949104297, ""plan_14"": 0.01787335676475839, ""site_6"": 0.0689808185005141, ""plan_13"": 0.3513731472769694}, {""xage"": 0.06839177184842038, ""child"": -0.436213668874105, ""physlm"": 0.13023075687958008, ""lnum"": -0.01764356977322653, ""lfam"": -0.01764356977322653, ""num"": -0.18385187231608305, ""plan_11"": 0.07021121448201126, ""disea"": 0.029378924229210276, ""black"": -0.13887551779443608, ""site_5"": -0.06207891482191763, ""plan_16"": -0.042918345828119105, ""lpi"": -0.0009716462135246996, ""site_4"": -0.007963703270592338, ""tookphys"": 0.08529485907482384, ""hlthg"": 0.012771668622040705, ""hlthp"": 0.02790482174811001, ""plan_14"": 0.07968301973922563, ""site_6"": 0.5126638886795316}]","[-2.2682001848080393, -0.6381252447440371, 1.0784922368463523]",10,0.06705932327916592,222.34202527999878,randhealth_notmdvis_baseline,2,20262630,4730,1182,False,kmeans_glm,randhealth_notmdvis_baseline_S2_K3_poisson-poisson-nb2_L10.0_kmeans_glm,-0.6558528594300399
nb2+nb2+nb2,3,10.0,False,True,,-3002.7591505528585,6572.450893365278,6139.518301105717,-779.2330444956294,"[0.7503350401443634, 0.048749835448394535, 0.20091512440724205]","[{""log_alpha"": -7.881091810084593}, {""log_alpha"": 2.8416761550286647}, {""log_alpha"": 1.6422476742657008}]",1.9298480289863968,0.7241364092271229,True,8.778845836849584,3.175618066552704,True,1.9292564597684514,0.4560067681895093,-0.0003066306788557238,-0.5879948714405552,"[34, 1, 24]",0.0,41.0,"[[1, 2, 7, 10, 12, 14, 15, 16, 17, 18, 19, 20, 22, 23, 24, 25, 26, 27, 28, 29, 30, 32, 35, 37, 39, 41, 42, 43, 44, 45, 46, 47, 48, 49], [41], [1, 2, 3, 6, 7, 9, 12, 14, 15, 18, 19, 20, 21, 23, 25, 26, 27, 28, 30, 31, 33, 36, 42, 47]]","[[""xage"", ""child"", ""plan_11"", ""fmde"", ""disea"", ""black"", ""coins"", ""ghindx"", ""pioff"", ""mhi"", ""site_5"", ""plan_16"", ""site_3"", ""hlthf"", ""plan_15"", ""year_3"", ""female"", ""site_4"", ""plan_5"", ""tookphys"", ""hlthg"", ""hlthp"", ""year_5"", ""year_4"", ""plan_17"", ""plan_14"", ""site_2"", ""plan_3"", ""time"", ""plan_7"", ""idp"", ""site_6"", ""plan_4"", ""educdec""], [""plan_14""], [""xage"", ""child"", ""physlm"", ""num"", ""plan_11"", ""fchild"", ""disea"", ""black"", ""coins"", ""mhi"", ""site_5"", ""plan_16"", ""lpi"", ""hlthf"", ""year_3"", ""female"", ""site_4"", ""plan_5"", ""hlthg"", ""plan_19"", ""linc"", ""income"", ""site_2"", ""site_6""]]","[{""xage"": 0.1906518422076652, ""child"": -0.1580366824338659, ""plan_11"": 0.009864960539113031, ""fmde"": -0.24662486610470358, ""disea"": 0.017799288646984587, ""black"": -0.04173608098787801, ""coins"": -0.028188952629781532, ""ghindx"": -0.031151919688747167, ""pioff"": 0.010293092566711473, ""mhi"": -0.017813691421816803, ""site_5"": -0.10752032999013048, ""plan_16"": -0.06067226339494793, ""site_3"": 0.09735896224301127, ""hlthf"": 0.07042095691410552, ""plan_15"": -0.11513508056123317, ""year_3"": -0.0707922926423858, ""female"": 0.09092149456737866, ""site_4"": -0.21855260337683127, ""plan_5"": 0.002380209867892768, ""tookphys"": 0.014412939904956774, ""hlthg"": -0.0019262119372006592, ""hlthp"": 0.06399388852996674, ""year_5"": -0.07730378851478244, ""year_4"": -0.043860902908057144, ""plan_17"": 0.10359778329987379, ""plan_14"": -0.024068003177075706, ""site_2"": -0.15285892793815364, ""plan_3"": -0.01663647457355463, ""time"": 0.024087718758108043, ""plan_7"": 0.08358247295760145, ""idp"": -0.0317841430844039, ""site_6"": -0.3859781277543579, ""plan_4"": -0.03215614250951826, ""educdec"": 0.016705720462482237}, {""plan_14"": 0.025867410867390663}, {""xage"": 0.2655065383592528, ""child"": -0.2096551117213593, ""physlm"": 0.2967433920140564, ""num"": -0.24954742111766767, ""plan_11"": 0.2132340184989839, ""fchild"": -0.02262117917099556, ""disea"": 0.019067266135533625, ""black"": -0.6576215756589697, ""coins"": -0.17247150673372838, ""mhi"": -0.028383432475299116, ""site_5"": -0.15747226492039812, ""plan_16"": -0.08097009872877409, ""lpi"": -0.07263457905385252, ""hlthf"": -0.015696356174275058, ""year_3"": -0.03597844034321122, ""female"": 0.04436771054980517, ""site_4"": -0.021669378555361857, ""plan_5"": -0.1346222715933543, ""hlthg"": 0.13752258514844562, ""plan_19"": -0.06621015277798908, ""linc"": 0.006429947527968453, ""income"": 0.06459499564718241, ""site_2"": 0.07190856094209606, ""site_6"": 0.6655737087791191}]","[-2.0998746393739887, 0.38982703871593893, -0.4082259773246673]",12,0.048749835448394535,176.7217664718628,randhealth_notmdvis_baseline,2,20262630,4730,1182,False,quantile_glm,randhealth_notmdvis_baseline_S2_K3_nb2-nb2-nb2_L10.0_quantile_glm,-0.6592496146325122
nb2+nb2+nb2,3,10.0,False,True,,-3002.8448961537347,6581.084065048516,6141.689792307469,-779.3652218992113,"[0.20102587679897171, 0.7501890098545414, 0.04878511334648687]","[{""log_alpha"": 1.64388830953846}, {""log_alpha"": -19.309627743527887}, {""log_alpha"": 2.842719467555192}]",1.929587882800295,0.7239945907512407,True,8.747253905763332,3.168228383836678,True,1.9292564597684514,0.4560067681895093,-0.00017178796015704378,-0.5876838706270251,"[24, 35, 1]",0.0,41.0,"[[1, 2, 3, 6, 7, 9, 12, 14, 15, 18, 19, 20, 21, 23, 25, 26, 27, 28, 30, 31, 33, 36, 42, 47], [1, 2, 6, 7, 10, 12, 14, 15, 16, 17, 18, 19, 20, 22, 23, 24, 25, 26, 27, 28, 29, 30, 32, 35, 37, 39, 41, 42, 43, 44, 45, 46, 47, 48, 49], [41]]","[[""xage"", ""child"", ""physlm"", ""num"", ""plan_11"", ""fchild"", ""disea"", ""black"", ""coins"", ""mhi"", ""site_5"", ""plan_16"", ""lpi"", ""hlthf"", ""year_3"", ""female"", ""site_4"", ""plan_5"", ""hlthg"", ""plan_19"", ""linc"", ""income"", ""site_2"", ""site_6""], [""xage"", ""child"", ""num"", ""plan_11"", ""fmde"", ""disea"", ""black"", ""coins"", ""ghindx"", ""pioff"", ""mhi"", ""site_5"", ""plan_16"", ""site_3"", ""hlthf"", ""plan_15"", ""year_3"", ""female"", ""site_4"", ""plan_5"", ""tookphys"", ""hlthg"", ""hlthp"", ""year_5"", ""year_4"", ""plan_17"", ""plan_14"", ""site_2"", ""plan_3"", ""time"", ""plan_7"", ""idp"", ""site_6"", ""plan_4"", ""educdec""], [""plan_14""]]","[{""xage"": 0.2653035055790175, ""child"": -0.2096851682710046, ""physlm"": 0.2964049964792602, ""num"": -0.24913972802630827, ""plan_11"": 0.21236878244532753, ""fchild"": -0.022670723412078198, ""disea"": 0.01882860184698999, ""black"": -0.6569439437475546, ""coins"": -0.17254290750242762, ""mhi"": -0.028236505039783248, ""site_5"": -0.15829070131200787, ""plan_16"": -0.08086513371644755, ""lpi"": -0.07299036338328176, ""hlthf"": -0.014991338111849155, ""year_3"": -0.03580689107590548, ""female"": 0.04373456340720436, ""site_4"": -0.021983340098176915, ""plan_5"": -0.13560214970403817, ""hlthg"": 0.13724966537093558, ""plan_19"": -0.06601579483098025, ""linc"": 0.006524784522916418, ""income"": 0.0642661928060259, ""site_2"": 0.07150633938057753, ""site_6"": 0.664557754371669}, {""xage"": 0.18473309764705445, ""child"": -0.16317047042251573, ""num"": 0.0006096716775332049, ""plan_11"": 0.010742390249512047, ""fmde"": -0.24483042027158325, ""disea"": 0.01842047755926999, ""black"": -0.042344157536451515, ""coins"": -0.02128728428296563, ""ghindx"": -0.03121127155061023, ""pioff"": 0.00851118899023702, ""mhi"": -0.01700770070533142, ""site_5"": -0.1051862708938285, ""plan_16"": -0.06557639961482073, ""site_3"": 0.09966185869625276, ""hlthf"": 0.07081942864547221, ""plan_15"": -0.11954181986630918, ""year_3"": -0.07175339012540116, ""female"": 0.09079875923376828, ""site_4"": -0.21615984947619352, ""plan_5"": 0.002310463933159066, ""tookphys"": 0.014360332642083976, ""hlthg"": -0.0018792100637409295, ""hlthp"": 0.06458243532586402, ""year_5"": -0.07687806318270204, ""year_4"": -0.04320176531954807, ""plan_17"": 0.10244426706527866, ""plan_14"": -0.028390016818847716, ""site_2"": -0.15111296635498206, ""plan_3"": -0.016730360998028864, ""time"": 0.023737790896244056, ""plan_7"": 0.08318919210469541, ""idp"": -0.03312564472716304, ""site_6"": -0.3830351127778092, ""plan_4"": -0.03240555407012377, ""educdec"": 0.015699779833156673}, {""plan_14"": 0.025939325066373548}]","[-0.4075437500645874, -2.0997873798507984, 0.3884514068325174]",12,0.04878511334648687,169.3443901538849,randhealth_notmdvis_baseline,2,20262630,4730,1182,False,kmeans_glm,randhealth_notmdvis_baseline_S2_K3_nb2-nb2-nb2_L10.0_kmeans_glm,-0.6593614398470484
poisson+nb2+zip,3,10.0,True,True,,-3005.2592571552304,6662.067911384881,6164.518514310461,-779.6721253356131,"[0.8352678687334428, 0.09157269205035586, 0.07315943921620129]","[{}, {""log_alpha"": 1.7707257852107965}, {""logit_theta"": 1.2428963226114356}]",1.90259556766363,0.7117367219727986,True,3.1559132659723494,1.8162736074306043,True,1.9292564597684514,0.4560067681895093,0.013819257657440409,-0.5608029784264339,"[35, 16, 19]",7.0,35.0,"[[1, 2, 3, 7, 10, 12, 14, 15, 16, 17, 18, 19, 20, 22, 23, 24, 25, 26, 27, 29, 31, 32, 34, 35, 37, 39, 41, 42, 43, 44, 45, 46, 47, 48, 49], [1, 2, 3, 4, 5, 6, 7, 12, 14, 19, 20, 21, 29, 32, 41, 47], [1, 2, 3, 4, 5, 6, 8, 12, 14, 15, 16, 18, 20, 30, 39, 42, 47, 49, 50]]","[[""xage"", ""child"", ""physlm"", ""plan_11"", ""fmde"", ""disea"", ""black"", ""coins"", ""ghindx"", ""pioff"", ""mhi"", ""site_5"", ""plan_16"", ""site_3"", ""hlthf"", ""plan_15"", ""year_3"", ""female"", ""site_4"", ""tookphys"", ""plan_19"", ""hlthp"", ""plan_6"", ""year_5"", ""year_4"", ""plan_17"", ""plan_14"", ""site_2"", ""plan_3"", ""time"", ""plan_7"", ""idp"", ""site_6"", ""plan_4"", ""educdec""], [""xage"", ""child"", ""physlm"", ""lnum"", ""lfam"", ""num"", ""plan_11"", ""disea"", ""black"", ""site_5"", ""plan_16"", ""lpi"", ""tookphys"", ""hlthp"", ""plan_14"", ""site_6""], [""xage"", ""child"", ""physlm"", ""lnum"", ""lfam"", ""num"", ""mdeoff"", ""disea"", ""black"", ""coins"", ""ghindx"", ""mhi"", ""plan_16"", ""hlthg"", ""plan_17"", ""site_2"", ""site_6"", ""educdec"", ""plan_13""]]","[{""xage"": 0.18204341081857672, ""child"": -0.16744695044314709, ""physlm"": 0.012789358338471803, ""plan_11"": 0.029353157478552758, ""fmde"": -0.22330226690416333, ""disea"": 0.01598511208679424, ""black"": -0.06816396494953435, ""coins"": -0.0513013835075759, ""ghindx"": -0.038418907841063624, ""pioff"": 0.007256096193951972, ""mhi"": -0.022174040985470697, ""site_5"": -0.1317626195233568, ""plan_16"": -0.058255501296064945, ""site_3"": 0.07980539898333407, ""hlthf"": 0.0741897001612221, ""plan_15"": -0.1070267573202535, ""year_3"": -0.0764698953647766, ""female"": 0.09627684847900389, ""site_4"": -0.20541105831896614, ""tookphys"": 0.022499100957870062, ""plan_19"": -0.003907566127946255, ""hlthp"": 0.05900513218934997, ""plan_6"": -0.005185874047359368, ""year_5"": -0.08426116763412013, ""year_4"": -0.05338817469373651, ""plan_17"": 0.09147514243936873, ""plan_14"": -0.02255338349776832, ""site_2"": -0.12877783050547043, ""plan_3"": -0.018461017175042605, ""time"": 0.03212648779764855, ""plan_7"": 0.07656342615624842, ""idp"": -0.01537646562324613, ""site_6"": -0.3478183594415666, ""plan_4"": -0.03314352129885661, ""educdec"": 0.021893628787078737}, {""xage"": 0.1016603347584756, ""child"": -0.4370738700365379, ""physlm"": 0.15672514058138165, ""lnum"": -0.03455056037576323, ""lfam"": -0.03455056037576323, ""num"": -0.13380430404396174, ""plan_11"": 0.07645712886588986, ""disea"": 0.019236137469145438, ""black"": -0.1664367613413397, ""site_5"": -0.03395671679842597, ""plan_16"": -0.028909899690939725, ""lpi"": -0.004088445277626026, ""tookphys"": 0.06823253317603797, ""hlthp"": 0.00017043730147106982, ""plan_14"": 0.07647708381469746, ""site_6"": 0.514335133419572}, {""xage"": 0.17062968183775062, ""child"": -0.10398989918789969, ""physlm"": 0.08840737729024088, ""lnum"": -0.01171178594302713, ""lfam"": -0.011711786626192372, ""num"": -0.019046471419948433, ""mdeoff"": -0.09283093812765984, ""disea"": 0.060388171900138975, ""black"": -0.4582702074930422, ""coins"": -0.24026859325689295, ""ghindx"": -0.039699818750169015, ""mhi"": -0.028507259262807606, ""plan_16"": -0.0026501287465991183, ""hlthg"": 0.02330487542618557, ""plan_17"": 0.0019871341512800195, ""site_2"": 0.130760548954911, ""site_6"": 0.3153364288422531, ""educdec"": -0.0319375452426913, ""plan_13"": 0.1463774038870419}]","[-2.062340949685773, 0.7267252632076238, 0.8809776953591201]",5,0.07315943921620129,285.4461326599121,randhealth_notmdvis_baseline,2,20262630,4730,1182,False,kmeans_glm,randhealth_notmdvis_baseline_S2_K3_poisson-nb2-zip_L10.0_kmeans_glm,-0.6596210874243766
zip+zinb+zinb,3,10.0,True,True,,-3025.929089026497,6627.252450794041,6187.858178052994,-779.6973736840984,"[0.845687089413378, 0.077156455293311, 0.077156455293311]","[{""logit_theta"": -4.753409524376573}, {""log_alpha"": 1.9418282491727923, ""logit_theta"": -11.523610610438814}, {""log_alpha"": 1.9418282491727923, ""logit_theta"": -11.523610610438814}]",1.906344452091994,0.7135830837290009,True,2.1962097856012712,1.3356647488140292,True,1.9292564597684514,0.4560067681895093,0.011876081876230793,-0.5648519572684214,"[38, 10, 10]",7.0,34.0,"[[1, 2, 3, 7, 10, 12, 13, 14, 15, 16, 17, 18, 19, 20, 22, 23, 24, 25, 26, 27, 29, 31, 32, 33, 34, 35, 36, 37, 39, 41, 42, 43, 44, 45, 46, 47, 48, 49], [1, 2, 3, 4, 5, 6, 7, 12, 14, 47], [1, 2, 3, 4, 5, 6, 7, 12, 14, 47]]","[[""xage"", ""child"", ""physlm"", ""plan_11"", ""fmde"", ""disea"", ""logc"", ""black"", ""coins"", ""ghindx"", ""pioff"", ""mhi"", ""site_5"", ""plan_16"", ""site_3"", ""hlthf"", ""plan_15"", ""year_3"", ""female"", ""site_4"", ""tookphys"", ""plan_19"", ""hlthp"", ""linc"", ""plan_6"", ""year_5"", ""income"", ""year_4"", ""plan_17"", ""plan_14"", ""site_2"", ""plan_3"", ""time"", ""plan_7"", ""idp"", ""site_6"", ""plan_4"", ""educdec""], [""xage"", ""child"", ""physlm"", ""lnum"", ""lfam"", ""num"", ""plan_11"", ""disea"", ""black"", ""site_6""], [""xage"", ""child"", ""physlm"", ""lnum"", ""lfam"", ""num"", ""plan_11"", ""disea"", ""black"", ""site_6""]]","[{""xage"": 0.17432882063150412, ""child"": -0.16482782485282868, ""physlm"": 0.013246633609522102, ""plan_11"": 0.012828054373945814, ""fmde"": -0.21357642166328558, ""disea"": 0.014478099919734292, ""logc"": -0.02540868187773284, ""black"": -0.0632998518913464, ""coins"": -0.053710251963784005, ""ghindx"": -0.03759476854713599, ""pioff"": 0.004381910224274092, ""mhi"": -0.02351386729522685, ""site_5"": -0.13293330379598603, ""plan_16"": -0.04891002160146134, ""site_3"": 0.08021029964470058, ""hlthf"": 0.07778374011768557, ""plan_15"": -0.10368773007957931, ""year_3"": -0.07607688142981775, ""female"": 0.09463185575259328, ""site_4"": -0.20416711975601404, ""tookphys"": 0.022398913929037652, ""plan_19"": -0.005072710064447012, ""hlthp"": 0.061204777390700876, ""linc"": 0.002330106302424675, ""plan_6"": -0.007048562624600611, ""year_5"": -0.08368552290604675, ""income"": 0.007082225462828639, ""year_4"": -0.05324372815916291, ""plan_17"": 0.08991700731382049, ""plan_14"": -0.012019137447925644, ""site_2"": -0.13264561690233856, ""plan_3"": -0.020945462150242348, ""time"": 0.030819030714735837, ""plan_7"": 0.07254622136418905, ""idp"": -0.019527493024470315, ""site_6"": -0.35830662199836855, ""plan_4"": -0.03513423023174434, ""educdec"": 0.020356894516717797}, {""xage"": 0.09984669579381043, ""child"": -0.37489536726461103, ""physlm"": 0.15033144750869742, ""lnum"": -0.004790772627516033, ""lfam"": -0.004790772627516033, ""num"": -0.09017597011865189, ""plan_11"": 0.052947699183709986, ""disea"": 0.0067770393746669514, ""black"": -0.12644327923102225, ""site_6"": 0.36898553376960586}, {""xage"": 0.09984669579381043, ""child"": -0.37489536726461103, ""physlm"": 0.15033144750869742, ""lnum"": -0.004790772627516033, ""lfam"": -0.004790772627516033, ""num"": -0.09017597011865189, ""plan_11"": 0.052947699183709986, ""disea"": 0.0067770393746669514, ""black"": -0.12644327923102225, ""site_6"": 0.36898553376960586}]","[-2.0252274551456524, 0.5168474614314318, 0.5168474614314318]",10,0.077156455293311,473.0106997489929,randhealth_notmdvis_baseline,2,20262630,4730,1182,False,kmeans_glm,randhealth_notmdvis_baseline_S2_K3_zip-zinb-zinb_L10.0_kmeans_glm,-0.6596424481252947
nb2+zinb+zinb,3,10.0,True,True,,-3002.299526584873,6596.916686873765,6144.599053169746,-780.1564866781341,"[0.17964728419431453, 0.7677945658328466, 0.05255814997283883]","[{""log_alpha"": 1.2471359069062848}, {""log_alpha"": -27.775139459518545, ""logit_theta"": -20.682375894115527}, {""log_alpha"": 2.2862274231439046, ""logit_theta"": -14.063174420800065}]",1.9099461385454946,0.7176610163510945,True,5.14551539345881,2.029832873355644,True,1.9292564597684514,0.4560067681895093,0.010009203869802974,-0.5737946592337544,"[21, 33, 6]",3.0,39.0,"[[1, 2, 3, 6, 7, 8, 14, 15, 18, 19, 20, 24, 25, 27, 28, 30, 31, 32, 36, 42, 47], [1, 2, 3, 7, 10, 12, 13, 15, 16, 17, 18, 19, 20, 22, 23, 24, 25, 26, 27, 29, 32, 35, 37, 39, 41, 42, 43, 44, 45, 46, 47, 48, 49], [1, 2, 4, 5, 12, 32]]","[[""xage"", ""child"", ""physlm"", ""num"", ""plan_11"", ""mdeoff"", ""black"", ""coins"", ""mhi"", ""site_5"", ""plan_16"", ""plan_15"", ""year_3"", ""site_4"", ""plan_5"", ""hlthg"", ""plan_19"", ""hlthp"", ""income"", ""site_2"", ""site_6""], [""xage"", ""child"", ""physlm"", ""plan_11"", ""fmde"", ""disea"", ""logc"", ""coins"", ""ghindx"", ""pioff"", ""mhi"", ""site_5"", ""plan_16"", ""site_3"", ""hlthf"", ""plan_15"", ""year_3"", ""female"", ""site_4"", ""tookphys"", ""hlthp"", ""year_5"", ""year_4"", ""plan_17"", ""plan_14"", ""site_2"", ""plan_3"", ""time"", ""plan_7"", ""idp"", ""site_6"", ""plan_4"", ""educdec""], [""xage"", ""child"", ""lnum"", ""lfam"", ""disea"", ""hlthp""]]","[{""xage"": 0.1460293459801197, ""child"": -0.20155186079458864, ""physlm"": 0.307909183585495, ""num"": -0.0659687739884206, ""plan_11"": 0.008610964718837048, ""mdeoff"": -0.09920680254060019, ""black"": -1.0606612867011662, ""coins"": -0.13816851403673452, ""mhi"": -0.08534040887452149, ""site_5"": -0.0963128062280168, ""plan_16"": -0.10716263281194259, ""plan_15"": -0.21277104865776444, ""year_3"": -0.06271578535072438, ""site_4"": -0.005422686372921298, ""plan_5"": -0.1311365401162066, ""hlthg"": 0.008535347952071974, ""plan_19"": -0.0732384333962632, ""hlthp"": -0.004319957387836179, ""income"": 0.06836402249661175, ""site_2"": 0.050844177354252916, ""site_6"": 0.7689912832120647}, {""xage"": 0.2041964424777195, ""child"": -0.15188026516561465, ""physlm"": 0.0006711044158685109, ""plan_11"": 0.013173061444746927, ""fmde"": -0.18744085393879747, ""disea"": 0.01971013163629104, ""logc"": -0.08145336146543378, ""coins"": -0.06038031901653936, ""ghindx"": -0.028124289306871424, ""pioff"": 0.003304072438758034, ""mhi"": -0.01989094855734604, ""site_5"": -0.10615933545625643, ""plan_16"": -0.021766931435400188, ""site_3"": 0.10288377006888705, ""hlthf"": 0.08109371728186564, ""plan_15"": -0.07126846146252008, ""year_3"": -0.0646351594162966, ""female"": 0.10184738061304577, ""site_4"": -0.21247222640052385, ""tookphys"": 0.009311243649498476, ""hlthp"": 0.06612412098118987, ""year_5"": -0.07138024282072834, ""year_4"": -0.038363688849828735, ""plan_17"": 0.1086767528215862, ""plan_14"": -0.010045832464710735, ""site_2"": -0.14931809267995222, ""plan_3"": -0.008060840906546919, ""time"": 0.023357225356475473, ""plan_7"": 0.08926533906567598, ""idp"": -0.017848534544106003, ""site_6"": -0.3956646556008291, ""plan_4"": -0.023139604055815038, ""educdec"": 0.021686990432898855}, {""xage"": 0.03966963021065487, ""child"": -0.6042876311464583, ""lnum"": -0.04157659835261857, ""lfam"": -0.04157659835261857, ""disea"": 0.017456163834459065, ""hlthp"": 0.042932419794945935}]","[-0.5932842759040874, -2.1737090836719295, 0.7271551776150204]",11,0.05255814997283883,178.94848346710205,randhealth_notmdvis_baseline,2,20262630,4730,1182,False,kmeans_glm,randhealth_notmdvis_baseline_S2_K3_nb2-zinb-zinb_L10.0_kmeans_glm,-0.660030868594022
poisson+nb2+zinb,3,10.0,True,True,,-2994.6421028052973,6564.678478351641,6125.284205610595,-781.2835730441722,"[0.8182783001434616, 0.1398393519926544, 0.041882347863884076]","[{}, {""log_alpha"": 1.2673759536939742}, {""log_alpha"": 3.6766840137208225, ""logit_theta"": -5.615868005587285}]",1.9147398045025146,0.7204003487868926,True,5.853364481326608,2.974018115993229,True,1.9292564597684514,0.4560067681895093,0.007524481876131195,-0.5798018780447256,"[34, 26, 0]",0.0,44.0,"[[1, 2, 3, 10, 12, 14, 15, 16, 17, 18, 19, 20, 22, 23, 24, 25, 26, 27, 28, 29, 32, 34, 35, 37, 39, 41, 42, 43, 44, 45, 46, 47, 48, 49], [1, 2, 3, 4, 5, 6, 7, 9, 12, 14, 15, 19, 20, 21, 25, 27, 28, 29, 30, 31, 33, 36, 41, 43, 47, 49], []]","[[""xage"", ""child"", ""physlm"", ""fmde"", ""disea"", ""black"", ""coins"", ""ghindx"", ""pioff"", ""mhi"", ""site_5"", ""plan_16"", ""site_3"", ""hlthf"", ""plan_15"", ""year_3"", ""female"", ""site_4"", ""plan_5"", ""tookphys"", ""hlthp"", ""plan_6"", ""year_5"", ""year_4"", ""plan_17"", ""plan_14"", ""site_2"", ""plan_3"", ""time"", ""plan_7"", ""idp"", ""site_6"", ""plan_4"", ""educdec""], [""xage"", ""child"", ""physlm"", ""lnum"", ""lfam"", ""num"", ""plan_11"", ""fchild"", ""disea"", ""black"", ""coins"", ""site_5"", ""plan_16"", ""lpi"", ""year_3"", ""site_4"", ""plan_5"", ""tookphys"", ""hlthg"", ""plan_19"", ""linc"", ""income"", ""plan_14"", ""plan_3"", ""site_6"", ""educdec""], []]","[{""xage"": 0.19437774123083976, ""child"": -0.15389096507251704, ""physlm"": 0.0025947006318240593, ""fmde"": -0.2541835522736399, ""disea"": 0.015587214384391264, ""black"": -0.05316099021144386, ""coins"": -0.05165134650131339, ""ghindx"": -0.03655484472358401, ""pioff"": 0.012944550409258408, ""mhi"": -0.01913618136662976, ""site_5"": -0.11231785380466214, ""plan_16"": -0.04990663730823251, ""site_3"": 0.09037267232620502, ""hlthf"": 0.07125106058388751, ""plan_15"": -0.10683797716414807, ""year_3"": -0.06918559968888277, ""female"": 0.09913414215268283, ""site_4"": -0.21140335660221213, ""plan_5"": 0.002787403155591779, ""tookphys"": 0.013663592566246585, ""hlthp"": 0.06459836908649358, ""plan_6"": -4.968926940214931e-05, ""year_5"": -0.07947465144661976, ""year_4"": -0.04681768102350493, ""plan_17"": 0.10133321758380634, ""plan_14"": -0.02399221016999195, ""site_2"": -0.14357346355029535, ""plan_3"": -0.013481894975778045, ""time"": 0.027689639597100746, ""plan_7"": 0.08349469361412741, ""idp"": -0.03993901484418464, ""site_6"": -0.36133333831693604, ""plan_4"": -0.030152890340152578, ""educdec"": 0.017726247469389375}, {""xage"": 0.1726882620654935, ""child"": -0.33935137649016445, ""physlm"": 0.22138085513940028, ""lnum"": -0.018094433726235197, ""lfam"": -0.018094433726235197, ""num"": -0.2047934514657436, ""plan_11"": 0.09988022105010277, ""fchild"": -0.04949921446023237, ""disea"": 0.01990904272484752, ""black"": -0.5006295301523551, ""coins"": -0.0615195131096315, ""site_5"": -0.19834922866449836, ""plan_16"": -0.153882633033299, ""lpi"": -0.09883588208577766, ""year_3"": -0.049694106090586644, ""site_4"": -0.1326096587345925, ""plan_5"": -0.20809540130553816, ""tookphys"": 0.0581526938200556, ""hlthg"": 0.1557406710624134, ""plan_19"": -0.06637640343518805, ""linc"": 0.040685575240426604, ""income"": 0.04969262885342627, ""plan_14"": 0.10022668485975958, ""plan_3"": -0.03340019622239529, ""site_6"": 0.5839446514163588, ""educdec"": 0.11752095671129623}, {}]","[-2.1397716688002233, 0.1865140736184678, -0.2579178033164967]",7,0.041882347863884076,144.49171471595764,randhealth_notmdvis_baseline,2,20262630,4730,1182,False,kmeans_glm,randhealth_notmdvis_baseline_S2_K3_poisson-nb2-zinb_L10.0_kmeans_glm,-0.6609844103588597
poisson+zinb+zinb,3,10.0,True,True,,-2993.008726563602,6569.873406349737,6124.017453127204,-781.9167443962685,"[0.8183431157938429, 0.04137875971567488, 0.14027812449048221]","[{}, {""log_alpha"": 3.6153812523719457, ""logit_theta"": -5.677573528692897}, {""log_alpha"": 1.2726817180720897, ""logit_theta"": -20.442285130083118}]",1.9174312340840716,0.720118910133712,True,6.285241693087897,2.9437425740454684,True,1.9292564597684514,0.4560067681895093,0.0061294213242126805,-0.5791846971763406,"[34, 0, 26]",0.0,44.0,"[[1, 2, 3, 10, 12, 14, 15, 16, 17, 18, 19, 20, 22, 23, 24, 25, 26, 27, 28, 29, 32, 34, 35, 37, 39, 41, 42, 43, 44, 45, 46, 47, 48, 49], [], [1, 2, 3, 4, 5, 6, 7, 9, 12, 14, 15, 19, 20, 21, 25, 27, 28, 29, 30, 31, 33, 36, 41, 43, 47, 49]]","[[""xage"", ""child"", ""physlm"", ""fmde"", ""disea"", ""black"", ""coins"", ""ghindx"", ""pioff"", ""mhi"", ""site_5"", ""plan_16"", ""site_3"", ""hlthf"", ""plan_15"", ""year_3"", ""female"", ""site_4"", ""plan_5"", ""tookphys"", ""hlthp"", ""plan_6"", ""year_5"", ""year_4"", ""plan_17"", ""plan_14"", ""site_2"", ""plan_3"", ""time"", ""plan_7"", ""idp"", ""site_6"", ""plan_4"", ""educdec""], [], [""xage"", ""child"", ""physlm"", ""lnum"", ""lfam"", ""num"", ""plan_11"", ""fchild"", ""disea"", ""black"", ""coins"", ""site_5"", ""plan_16"", ""lpi"", ""year_3"", ""site_4"", ""plan_5"", ""tookphys"", ""hlthg"", ""plan_19"", ""linc"", ""income"", ""plan_14"", ""plan_3"", ""site_6"", ""educdec""]]","[{""xage"": 0.1939780494763905, ""child"": -0.1550795770645371, ""physlm"": 0.002697593920185643, ""fmde"": -0.2536338953836881, ""disea"": 0.015375034899673052, ""black"": -0.0556075121503924, ""coins"": -0.05164379926850185, ""ghindx"": -0.037082247744250764, ""pioff"": 0.012444978493719703, ""mhi"": -0.018747356006994915, ""site_5"": -0.1109709888302659, ""plan_16"": -0.04965535270850483, ""site_3"": 0.09055023630010081, ""hlthf"": 0.07105310864072974, ""plan_15"": -0.10705280708078217, ""year_3"": -0.06943557131973532, ""female"": 0.09979277714028696, ""site_4"": -0.21057518811371256, ""plan_5"": 0.0028848753543786795, ""tookphys"": 0.013115065892702012, ""hlthp"": 0.06487204899620183, ""plan_6"": -0.0003550190274004238, ""year_5"": -0.07934071194912311, ""year_4"": -0.04671976053621342, ""plan_17"": 0.10101770622487861, ""plan_14"": -0.024565079481921482, ""site_2"": -0.1429191332876608, ""plan_3"": -0.012949321965855503, ""time"": 0.02763066654916576, ""plan_7"": 0.08331640259567702, ""idp"": -0.04085117673475547, ""site_6"": -0.3599575933855368, ""plan_4"": -0.03005131464165136, ""educdec"": 0.01657948261240893}, {}, {""xage"": 0.1601236826041836, ""child"": -0.34431137788138116, ""physlm"": 0.21348918304492484, ""lnum"": -0.018837017864467332, ""lfam"": -0.018837018035373673, ""num"": -0.21101080525361057, ""plan_11"": 0.0892672185953552, ""fchild"": -0.06873204181549497, ""disea"": 0.02272409339597971, ""black"": -0.4781726464522865, ""coins"": -0.058333900122267135, ""site_5"": -0.2175676303203607, ""plan_16"": -0.1586480324377727, ""lpi"": -0.09871778436665084, ""year_3"": -0.04927460985841129, ""site_4"": -0.14810173899412338, ""plan_5"": -0.21864579112797283, ""tookphys"": 0.07366893008307482, ""hlthg"": 0.16519930247001743, ""plan_19"": -0.06721406457747167, ""linc"": 0.04990276527749854, ""income"": 0.05118488125756969, ""plan_14"": 0.11870200009460587, ""plan_3"": -0.042357448323016696, ""site_6"": 0.5822004032949877, ""educdec"": 0.1399561552916905}]","[-2.139925340828324, -0.878337101168091, 0.21460446625477317]",7,0.04137875971567488,164.13462948799133,randhealth_notmdvis_baseline,2,20262630,4730,1182,False,kmeans_glm,randhealth_notmdvis_baseline_S2_K3_poisson-zinb-zinb_L10.0_kmeans_glm,-0.6615200883217162
poisson+zinb+zinb,3,10.0,True,True,,-2993.008726563602,6569.873406349737,6124.017453127204,-781.9167443962685,"[0.8183431157938429, 0.04137875971567488, 0.14027812449048221]","[{}, {""log_alpha"": 3.6153812523719457, ""logit_theta"": -5.677573528692897}, {""log_alpha"": 1.2726817180720897, ""logit_theta"": -20.442285130083118}]",1.9174312340840716,0.720118910133712,True,6.285241693087897,2.9437425740454684,True,1.9292564597684514,0.4560067681895093,0.0061294213242126805,-0.5791846971763406,"[34, 0, 26]",0.0,44.0,"[[1, 2, 3, 10, 12, 14, 15, 16, 17, 18, 19, 20, 22, 23, 24, 25, 26, 27, 28, 29, 32, 34, 35, 37, 39, 41, 42, 43, 44, 45, 46, 47, 48, 49], [], [1, 2, 3, 4, 5, 6, 7, 9, 12, 14, 15, 19, 20, 21, 25, 27, 28, 29, 30, 31, 33, 36, 41, 43, 47, 49]]","[[""xage"", ""child"", ""physlm"", ""fmde"", ""disea"", ""black"", ""coins"", ""ghindx"", ""pioff"", ""mhi"", ""site_5"", ""plan_16"", ""site_3"", ""hlthf"", ""plan_15"", ""year_3"", ""female"", ""site_4"", ""plan_5"", ""tookphys"", ""hlthp"", ""plan_6"", ""year_5"", ""year_4"", ""plan_17"", ""plan_14"", ""site_2"", ""plan_3"", ""time"", ""plan_7"", ""idp"", ""site_6"", ""plan_4"", ""educdec""], [], [""xage"", ""child"", ""physlm"", ""lnum"", ""lfam"", ""num"", ""plan_11"", ""fchild"", ""disea"", ""black"", ""coins"", ""site_5"", ""plan_16"", ""lpi"", ""year_3"", ""site_4"", ""plan_5"", ""tookphys"", ""hlthg"", ""plan_19"", ""linc"", ""income"", ""plan_14"", ""plan_3"", ""site_6"", ""educdec""]]","[{""xage"": 0.1939780494763905, ""child"": -0.1550795770645371, ""physlm"": 0.002697593920185643, ""fmde"": -0.2536338953836881, ""disea"": 0.015375034899673052, ""black"": -0.0556075121503924, ""coins"": -0.05164379926850185, ""ghindx"": -0.037082247744250764, ""pioff"": 0.012444978493719703, ""mhi"": -0.018747356006994915, ""site_5"": -0.1109709888302659, ""plan_16"": -0.04965535270850483, ""site_3"": 0.09055023630010081, ""hlthf"": 0.07105310864072974, ""plan_15"": -0.10705280708078217, ""year_3"": -0.06943557131973532, ""female"": 0.09979277714028696, ""site_4"": -0.21057518811371256, ""plan_5"": 0.0028848753543786795, ""tookphys"": 0.013115065892702012, ""hlthp"": 0.06487204899620183, ""plan_6"": -0.0003550190274004238, ""year_5"": -0.07934071194912311, ""year_4"": -0.04671976053621342, ""plan_17"": 0.10101770622487861, ""plan_14"": -0.024565079481921482, ""site_2"": -0.1429191332876608, ""plan_3"": -0.012949321965855503, ""time"": 0.02763066654916576, ""plan_7"": 0.08331640259567702, ""idp"": -0.04085117673475547, ""site_6"": -0.3599575933855368, ""plan_4"": -0.03005131464165136, ""educdec"": 0.01657948261240893}, {}, {""xage"": 0.1601236826041836, ""child"": -0.34431137788138116, ""physlm"": 0.21348918304492484, ""lnum"": -0.018837017864467332, ""lfam"": -0.018837018035373673, ""num"": -0.21101080525361057, ""plan_11"": 0.0892672185953552, ""fchild"": -0.06873204181549497, ""disea"": 0.02272409339597971, ""black"": -0.4781726464522865, ""coins"": -0.058333900122267135, ""site_5"": -0.2175676303203607, ""plan_16"": -0.1586480324377727, ""lpi"": -0.09871778436665084, ""year_3"": -0.04927460985841129, ""site_4"": -0.14810173899412338, ""plan_5"": -0.21864579112797283, ""tookphys"": 0.07366893008307482, ""hlthg"": 0.16519930247001743, ""plan_19"": -0.06721406457747167, ""linc"": 0.04990276527749854, ""income"": 0.05118488125756969, ""plan_14"": 0.11870200009460587, ""plan_3"": -0.042357448323016696, ""site_6"": 0.5822004032949877, ""educdec"": 0.1399561552916905}]","[-2.139925340828324, -0.878337101168091, 0.21460446625477317]",7,0.04137875971567488,150.0057294368744,randhealth_notmdvis_baseline,2,20262630,4730,1182,False,quantile_glm,randhealth_notmdvis_baseline_S2_K3_poisson-zinb-zinb_L10.0_quantile_glm,-0.6615200883217162
poisson+zip+zinb,3,10.0,True,True,,-2976.266458736547,6621.005675510487,6110.532917473094,-782.2606887627135,"[0.8192620099663662, 0.058659599840646906, 0.12207839019298697]","[{}, {""logit_theta"": 0.38677652849061256}, {""log_alpha"": 1.781999851132581, ""logit_theta"": -17.998878302683643}]",1.9168849223405484,0.7033469064723981,True,4.60935649426719,2.3894213823939165,True,1.9292564597684514,0.4560067681895093,0.006412593496972319,-0.5424045333031067,"[34, 24, 13]",4.0,40.0,"[[1, 2, 3, 7, 10, 12, 14, 15, 16, 17, 18, 19, 20, 22, 23, 24, 25, 26, 27, 29, 32, 34, 35, 37, 39, 41, 42, 43, 44, 45, 46, 47, 48, 49], [2, 4, 5, 7, 8, 12, 14, 16, 18, 19, 21, 22, 23, 26, 27, 29, 30, 32, 39, 41, 45, 47, 49, 50], [2, 3, 6, 14, 15, 16, 20, 28, 33, 36, 42, 47, 50]]","[[""xage"", ""child"", ""physlm"", ""plan_11"", ""fmde"", ""disea"", ""black"", ""coins"", ""ghindx"", ""pioff"", ""mhi"", ""site_5"", ""plan_16"", ""site_3"", ""hlthf"", ""plan_15"", ""year_3"", ""female"", ""site_4"", ""tookphys"", ""hlthp"", ""plan_6"", ""year_5"", ""year_4"", ""plan_17"", ""plan_14"", ""site_2"", ""plan_3"", ""time"", ""plan_7"", ""idp"", ""site_6"", ""plan_4"", ""educdec""], [""child"", ""lnum"", ""lfam"", ""plan_11"", ""mdeoff"", ""disea"", ""black"", ""ghindx"", ""mhi"", ""site_5"", ""lpi"", ""site_3"", ""hlthf"", ""female"", ""site_4"", ""tookphys"", ""hlthg"", ""hlthp"", ""plan_17"", ""plan_14"", ""plan_7"", ""site_6"", ""educdec"", ""plan_13""], [""child"", ""physlm"", ""num"", ""black"", ""coins"", ""ghindx"", ""plan_16"", ""plan_5"", ""linc"", ""income"", ""site_2"", ""site_6"", ""plan_13""]]","[{""xage"": 0.1862623857685223, ""child"": -0.13515571257965017, ""physlm"": 0.007639756796320155, ""plan_11"": 0.002473191344636003, ""fmde"": -0.2586635294894227, ""disea"": 0.014386081895872036, ""black"": -0.06260277665042052, ""coins"": -0.05236451937434071, ""ghindx"": -0.03799730934935192, ""pioff"": 0.011502755551790037, ""mhi"": -0.023483728980758595, ""site_5"": -0.1317867172690526, ""plan_16"": -0.05233240148429473, ""site_3"": 0.08079160560659955, ""hlthf"": 0.07542685257452711, ""plan_15"": -0.1036318848726388, ""year_3"": -0.07562622192695297, ""female"": 0.09479897623135124, ""site_4"": -0.21447203221846825, ""tookphys"": 0.018417048981309265, ""hlthp"": 0.06391471228816586, ""plan_6"": -0.0037677775280453587, ""year_5"": -0.08594751204862071, ""year_4"": -0.05374172300823157, ""plan_17"": 0.09775071409313969, ""plan_14"": -0.013956522297019127, ""site_2"": -0.14234105143246933, ""plan_3"": -0.02152699107323156, ""time"": 0.03060141990262584, ""plan_7"": 0.0777816973300264, ""idp"": -0.0347435313970319, ""site_6"": -0.36085202962517343, ""plan_4"": -0.03582259582739505, ""educdec"": 0.025805311529402068}, {""child"": -1.6986917415594873, ""lnum"": -0.2232742991006573, ""lfam"": -0.22327429769561066, ""plan_11"": 0.5290871191814295, ""mdeoff"": -0.0899681432795547, ""disea"": 0.1346837283934838, ""black"": -0.14934556292221765, ""ghindx"": 0.18030878757935587, ""mhi"": 0.07981663224978287, ""site_5"": -0.2271002972587776, ""lpi"": -0.20008513399212166, ""site_3"": 0.3929490185773091, ""hlthf"": -0.0719038030983414, ""female"": 0.11685658194464521, ""site_4"": -0.07889694094725985, ""tookphys"": 0.17532071329150886, ""hlthg"": 0.24680987353776002, ""hlthp"": 0.11931298622339036, ""plan_17"": -0.033693956915664486, ""plan_14"": 0.3055820074435214, ""plan_7"": 0.10766860044367496, ""site_6"": 0.5539862534057436, ""educdec"": 0.19381355249817775, ""plan_13"": 0.19815014800025338}, {""child"": -0.2574242554087353, ""physlm"": 0.20063341338250498, ""num"": -0.22012061067121064, ""black"": -0.19983171008372627, ""coins"": -0.0577543024671021, ""ghindx"": -0.047138678118702086, ""plan_16"": -0.01604541730350999, ""plan_5"": -0.09609959486085805, ""linc"": 0.039558202447648044, ""income"": 0.2043503358700847, ""site_2"": 0.018599818993824624, ""site_6"": 0.508285899135007, ""plan_13"": 0.0912884082621426}]","[-2.071967160038695, -0.12407392628624136, 0.17347042707166652]",14,0.058659599840646906,662.7821588516235,randhealth_notmdvis_baseline,2,20262630,4730,1182,False,kmeans_glm,randhealth_notmdvis_baseline_S2_K3_poisson-zip-zinb_L10.0_kmeans_glm,-0.6618110734033109
poisson+zip+zip,3,10.0,True,True,,-2951.7794431312045,6741.265253929521,6101.558886262409,-782.3050226865867,"[0.8677739580411991, 0.05828914351144992, 0.07393689844735107]","[{}, {""logit_theta"": 0.48166456039321454}, {""logit_theta"": 1.2014847563535407}]",1.909315317685657,0.7282590727581959,True,5.730690900550891,1.825941839157444,True,1.9292564597684514,0.4560067681895093,0.010336180025121045,-0.5970356660485854,"[39, 26, 27]",13.0,33.0,"[[1, 2, 3, 4, 5, 7, 10, 12, 14, 15, 16, 17, 18, 19, 20, 22, 23, 24, 25, 26, 27, 29, 31, 32, 33, 34, 35, 36, 37, 39, 41, 42, 43, 44, 45, 46, 47, 48, 49], [1, 2, 3, 6, 7, 9, 11, 12, 15, 17, 18, 21, 22, 23, 26, 27, 29, 30, 33, 36, 39, 42, 45, 47, 49, 50], [3, 4, 5, 7, 9, 12, 14, 15, 16, 18, 19, 20, 21, 22, 23, 27, 29, 30, 32, 34, 38, 42, 45, 47, 48, 49, 50]]","[[""xage"", ""child"", ""physlm"", ""lnum"", ""lfam"", ""plan_11"", ""fmde"", ""disea"", ""black"", ""coins"", ""ghindx"", ""pioff"", ""mhi"", ""site_5"", ""plan_16"", ""site_3"", ""hlthf"", ""plan_15"", ""year_3"", ""female"", ""site_4"", ""tookphys"", ""plan_19"", ""hlthp"", ""linc"", ""plan_6"", ""year_5"", ""income"", ""year_4"", ""plan_17"", ""plan_14"", ""site_2"", ""plan_3"", ""time"", ""plan_7"", ""idp"", ""site_6"", ""plan_4"", ""educdec""], [""xage"", ""child"", ""physlm"", ""num"", ""plan_11"", ""fchild"", ""xghindx"", ""disea"", ""coins"", ""pioff"", ""mhi"", ""lpi"", ""site_3"", ""hlthf"", ""female"", ""site_4"", ""tookphys"", ""hlthg"", ""linc"", ""income"", ""plan_17"", ""site_2"", ""plan_7"", ""site_6"", ""educdec"", ""plan_13""], [""physlm"", ""lnum"", ""lfam"", ""plan_11"", ""fchild"", ""disea"", ""black"", ""coins"", ""ghindx"", ""mhi"", ""site_5"", ""plan_16"", ""lpi"", ""site_3"", ""hlthf"", ""site_4"", ""tookphys"", ""hlthg"", ""hlthp"", ""plan_6"", ""year_2"", ""site_2"", ""plan_7"", ""site_6"", ""plan_4"", ""educdec"", ""plan_13""]]","[{""xage"": 0.15227702898510392, ""child"": -0.20526693621407435, ""physlm"": 0.018172773697995814, ""lnum"": -0.0007805515726890928, ""lfam"": -0.0007805515726890928, ""plan_11"": 0.000337928189082307, ""fmde"": -0.2258289346225673, ""disea"": 0.017624535429468707, ""black"": -0.04707352306969563, ""coins"": -0.07132142311868, ""ghindx"": -0.03957489435992948, ""pioff"": 0.0026556200283210907, ""mhi"": -0.024970847685322917, ""site_5"": -0.13823451399492923, ""plan_16"": -0.056323185375659994, ""site_3"": 0.08297619181467203, ""hlthf"": 0.07117647920083954, ""plan_15"": -0.1081547731326946, ""year_3"": -0.07965095531962908, ""female"": 0.09863011485670066, ""site_4"": -0.20078050171450554, ""tookphys"": 0.016929854457408713, ""plan_19"": -0.011305262311637395, ""hlthp"": 0.05608658372886363, ""linc"": 0.0027836808703503, ""plan_6"": -0.010105032355671291, ""year_5"": -0.0892244378427727, ""income"": 0.01734830217347001, ""year_4"": -0.05989389158709663, ""plan_17"": 0.08002100909350461, ""plan_14"": -0.008440219759973857, ""site_2"": -0.11080846274356419, ""plan_3"": -0.018326652626442536, ""time"": 0.03735973821032463, ""plan_7"": 0.06926631983997383, ""idp"": -0.022288170644087772, ""site_6"": -0.32072874280453834, ""plan_4"": -0.0312867244158961, ""educdec"": 0.024497491168166335}, {""xage"": 0.045351631772629394, ""child"": -0.4924122326541716, ""physlm"": -0.03757305601918389, ""num"": -0.08881409513935054, ""plan_11"": 0.10310934123715775, ""fchild"": -0.2478832889781886, ""xghindx"": -0.11726164866817568, ""disea"": 0.11525687494480458, ""coins"": -0.3207134767278996, ""pioff"": 0.07048958805595987, ""mhi"": -0.07701076663564786, ""lpi"": 0.11438882448091198, ""site_3"": -0.027842629013331274, ""hlthf"": 0.07606170911346867, ""female"": 0.024809882186155093, ""site_4"": -0.16063151717039617, ""tookphys"": -0.27410137271751117, ""hlthg"": 0.08127971818555964, ""linc"": 0.010376936473017146, ""income"": -0.10734227690014483, ""plan_17"": -0.017610174643639377, ""site_2"": -0.09685908647262306, ""plan_7"": 0.04742864518317935, ""site_6"": 0.16880352157008316, ""educdec"": -0.0029766229764339926, ""plan_13"": 0.06247486282564348}, {""physlm"": 0.16720891654921716, ""lnum"": 0.009985811111732266, ""lfam"": 0.009985811101754272, ""plan_11"": 0.060178760694734816, ""fchild"": -0.12870376652086343, ""disea"": 0.1050784775566973, ""black"": -0.15496182559246913, ""coins"": -0.004965556423911286, ""ghindx"": 0.23838023358155006, ""mhi"": 0.19544337643966453, ""site_5"": -0.3873979251818337, ""plan_16"": -0.17328793595083594, ""lpi"": -0.25940295715895445, ""site_3"": 0.050886147967582736, ""hlthf"": -0.11915835051258168, ""site_4"": -0.231502890767433, ""tookphys"": 0.26980226352120223, ""hlthg"": 0.44901339780787247, ""hlthp"": 0.12826299481548284, ""plan_6"": -0.001539909386639348, ""year_2"": -0.02142387405029729, ""site_2"": 0.21663608108613647, ""plan_7"": -0.02937783033065782, ""site_6"": 0.36241465148908536, ""plan_4"": -0.0014997208779497725, ""educdec"": 0.5049554007178577, ""plan_13"": 0.06406000343823842}]","[-1.9988310590061154, 1.2146221524163145, 1.978540731994954]",14,0.05828914351144992,739.8212087154388,randhealth_notmdvis_baseline,2,20262630,4730,1182,False,quantile_glm,randhealth_notmdvis_baseline_S2_K3_poisson-zip-zip_L10.0_quantile_glm,-0.661848580953119
poisson+nb2+zinb,3,10.0,True,True,,-2993.0227663986825,6561.439805538412,6122.045532797365,-782.3311392312053,"[0.8172909655640281, 0.04221123812405512, 0.1404977963119167]","[{}, {""log_alpha"": 3.5886885152901904}, {""log_alpha"": 1.2714687147667736, ""logit_theta"": -20.442285130083118}]",1.918172454398446,0.7200460328138623,True,6.316610692654511,2.9427928706578044,True,1.9292564597684514,0.4560067681895093,0.00574522133326727,-0.5790248808645366,"[34, 0, 26]",0.0,44.0,"[[1, 2, 3, 10, 12, 14, 15, 16, 17, 18, 19, 20, 22, 23, 24, 25, 26, 27, 28, 29, 32, 34, 35, 37, 39, 41, 42, 43, 44, 45, 46, 47, 48, 49], [], [1, 2, 3, 4, 5, 6, 7, 9, 12, 14, 15, 19, 20, 21, 25, 27, 28, 29, 30, 31, 33, 36, 41, 43, 47, 49]]","[[""xage"", ""child"", ""physlm"", ""fmde"", ""disea"", ""black"", ""coins"", ""ghindx"", ""pioff"", ""mhi"", ""site_5"", ""plan_16"", ""site_3"", ""hlthf"", ""plan_15"", ""year_3"", ""female"", ""site_4"", ""plan_5"", ""tookphys"", ""hlthp"", ""plan_6"", ""year_5"", ""year_4"", ""plan_17"", ""plan_14"", ""site_2"", ""plan_3"", ""time"", ""plan_7"", ""idp"", ""site_6"", ""plan_4"", ""educdec""], [], [""xage"", ""child"", ""physlm"", ""lnum"", ""lfam"", ""num"", ""plan_11"", ""fchild"", ""disea"", ""black"", ""coins"", ""site_5"", ""plan_16"", ""lpi"", ""year_3"", ""site_4"", ""plan_5"", ""tookphys"", ""hlthg"", ""plan_19"", ""linc"", ""income"", ""plan_14"", ""plan_3"", ""site_6"", ""educdec""]]","[{""xage"": 0.19417536826991527, ""child"": -0.15568645199386716, ""physlm"": 0.002658134054605861, ""fmde"": -0.2534259125821764, ""disea"": 0.015355755436256663, ""black"": -0.05600805667069533, ""coins"": -0.05191101296586396, ""ghindx"": -0.03724753034482924, ""pioff"": 0.012120342595554577, ""mhi"": -0.01861425370556554, ""site_5"": -0.11071095634178603, ""plan_16"": -0.04963135367240364, ""site_3"": 0.09089230242536388, ""hlthf"": 0.0707537625009825, ""plan_15"": -0.1070613238938188, ""year_3"": -0.06928043609437556, ""female"": 0.1001107718849378, ""site_4"": -0.21043790883901237, ""plan_5"": 0.002989728109035737, ""tookphys"": 0.012902121352106551, ""hlthp"": 0.06488973949695696, ""plan_6"": -0.00030380348758595805, ""year_5"": -0.07917757905010316, ""year_4"": -0.046547041406662604, ""plan_17"": 0.10092260155148472, ""plan_14"": -0.024489766080451367, ""site_2"": -0.14273996600799657, ""plan_3"": -0.012542929228780243, ""time"": 0.02754096567582952, ""plan_7"": 0.08340954337733598, ""idp"": -0.04128662422149875, ""site_6"": -0.35962233045059155, ""plan_4"": -0.029806280761272817, ""educdec"": 0.016531706068327323}, {}, {""xage"": 0.15763083723414847, ""child"": -0.3412518172137128, ""physlm"": 0.2119204442168093, ""lnum"": -0.019710429738011737, ""lfam"": -0.019710429736909105, ""num"": -0.2143040108565367, ""plan_11"": 0.08647500354166794, ""fchild"": -0.07442612124010825, ""disea"": 0.022101832371607795, ""black"": -0.4740641299449497, ""coins"": -0.055971882668796206, ""site_5"": -0.22073936493298535, ""plan_16"": -0.16010158592906465, ""lpi"": -0.09916899892925986, ""year_3"": -0.05064540720387998, ""site_4"": -0.14994235247165705, ""plan_5"": -0.22163841316578872, ""tookphys"": 0.0763737125578263, ""hlthg"": 0.16434496297495219, ""plan_19"": -0.06930201234808162, ""linc"": 0.049149244845402645, ""income"": 0.05478519015491854, ""plan_14"": 0.1171297666827199, ""plan_3"": -0.04498391697707916, ""site_6"": 0.5811092604062816, ""educdec"": 0.14080039335349068}]","[-2.1403432769091344, -1.119004495031951, 0.22269790421601576]",7,0.04221123812405512,157.89327692985535,randhealth_notmdvis_baseline,2,20262630,4730,1182,False,quantile_glm,randhealth_notmdvis_baseline_S2_K3_poisson-nb2-zinb_L10.0_quantile_glm,-0.6618706761685323
nb2+nb2+nb2,3,5.0,False,True,,-2994.694424326514,6801.710174875681,6181.388848653028,-782.4803310740629,"[0.8792787889242499, 0.06036060553787504, 0.06036060553787504]","[{""log_alpha"": -6.573051783691821}, {""log_alpha"": 1.4058922973433656}, {""log_alpha"": 1.4058922973433656}]",1.911024147143338,0.7136917135732624,True,4.463794469910029,2.4481611631645395,True,1.9292564597684514,0.4560067681895093,0.009450434924189177,-0.5650901770753176,"[40, 24, 24]",19.0,26.0,"[[1, 2, 3, 4, 5, 6, 10, 12, 14, 15, 16, 17, 18, 19, 20, 22, 23, 24, 25, 26, 27, 29, 30, 31, 32, 33, 34, 35, 37, 39, 40, 41, 42, 43, 44, 45, 46, 47, 48, 49], [1, 2, 3, 4, 5, 6, 7, 9, 12, 14, 15, 19, 20, 21, 27, 28, 29, 30, 32, 33, 36, 41, 47, 49], [1, 2, 3, 4, 5, 6, 7, 9, 12, 14, 15, 19, 20, 21, 27, 28, 29, 30, 32, 33, 36, 41, 47, 49]]","[[""xage"", ""child"", ""physlm"", ""lnum"", ""lfam"", ""num"", ""fmde"", ""disea"", ""black"", ""coins"", ""ghindx"", ""pioff"", ""mhi"", ""site_5"", ""plan_16"", ""site_3"", ""hlthf"", ""plan_15"", ""year_3"", ""female"", ""site_4"", ""tookphys"", ""hlthg"", ""plan_19"", ""hlthp"", ""linc"", ""plan_6"", ""year_5"", ""year_4"", ""plan_17"", ""plan_9"", ""plan_14"", ""site_2"", ""plan_3"", ""time"", ""plan_7"", ""idp"", ""site_6"", ""plan_4"", ""educdec""], [""xage"", ""child"", ""physlm"", ""lnum"", ""lfam"", ""num"", ""plan_11"", ""fchild"", ""disea"", ""black"", ""coins"", ""site_5"", ""plan_16"", ""lpi"", ""site_4"", ""plan_5"", ""tookphys"", ""hlthg"", ""hlthp"", ""linc"", ""income"", ""plan_14"", ""site_6"", ""educdec""], [""xage"", ""child"", ""physlm"", ""lnum"", ""lfam"", ""num"", ""plan_11"", ""fchild"", ""disea"", ""black"", ""coins"", ""site_5"", ""plan_16"", ""lpi"", ""site_4"", ""plan_5"", ""tookphys"", ""hlthg"", ""hlthp"", ""linc"", ""income"", ""plan_14"", ""site_6"", ""educdec""]]","[{""xage"": 0.1751778434973713, ""child"": -0.16608547706737356, ""physlm"": 0.01735654925855147, ""lnum"": -0.013992418861011158, ""lfam"": -0.013992418861011158, ""num"": 0.03444691369551887, ""fmde"": -0.25849742272694, ""disea"": 0.008546980210306884, ""black"": -0.06639551583870619, ""coins"": -0.029720174988317343, ""ghindx"": -0.04980928423717165, ""pioff"": 0.04161415202412109, ""mhi"": -0.02773584210569758, ""site_5"": -0.154702000341262, ""plan_16"": -0.09310812134858827, ""site_3"": 0.07059653551548407, ""hlthf"": 0.08221032653180362, ""plan_15"": -0.1500443185686272, ""year_3"": -0.10084236232492105, ""female"": 0.1053409160496076, ""site_4"": -0.231683786147089, ""tookphys"": 0.027821114206705355, ""hlthg"": -0.007643374628953048, ""plan_19"": -0.022369764719353803, ""hlthp"": 0.06540336220798199, ""linc"": 0.0035490550848844235, ""plan_6"": -0.032086506652934624, ""year_5"": -0.13178724976500453, ""year_4"": -0.10168680669869233, ""plan_17"": 0.09761620859739936, ""plan_9"": -0.012136194299464841, ""plan_14"": -0.04989743848519435, ""site_2"": -0.1615295298670871, ""plan_3"": -0.04408569519623057, ""time"": 0.07419259258263963, ""plan_7"": 0.06886272671519272, ""idp"": -0.05046742267007058, ""site_6"": -0.38874257912333793, ""plan_4"": -0.061536855506379856, ""educdec"": 0.03081065437501055}, {""xage"": 0.12316185130930533, ""child"": -0.4308518558761525, ""physlm"": 0.17578217655102862, ""lnum"": -0.0008035383533499463, ""lfam"": -0.0008035383533499463, ""num"": -0.2567186244947649, ""plan_11"": 0.04099882148449824, ""fchild"": -0.05073627032924239, ""disea"": 0.03632623728659395, ""black"": -0.3075111169994827, ""coins"": -0.09248941974523983, ""site_5"": -0.03767251603128344, ""plan_16"": -0.14551519002644958, ""lpi"": -0.0437761772131912, ""site_4"": -0.08979954923768997, ""plan_5"": -0.17814834507940702, ""tookphys"": 0.1144483941777609, ""hlthg"": 0.07010781126584119, ""hlthp"": 0.0037944156415806894, ""linc"": 0.019433940204240358, ""income"": 0.03483808799902149, ""plan_14"": 0.12107151219515493, ""site_6"": 0.5463531781305891, ""educdec"": 0.002803410649082382}, {""xage"": 0.12316185130930533, ""child"": -0.4308518558761525, ""physlm"": 0.17578217655102862, ""lnum"": -0.0008035383533499463, ""lfam"": -0.0008035383533499463, ""num"": -0.2567186244947649, ""plan_11"": 0.04099882148449824, ""fchild"": -0.05073627032924239, ""disea"": 0.03632623728659395, ""black"": -0.3075111169994827, ""coins"": -0.09248941974523983, ""site_5"": -0.03767251603128344, ""plan_16"": -0.14551519002644958, ""lpi"": -0.0437761772131912, ""site_4"": -0.08979954923768997, ""plan_5"": -0.17814834507940702, ""tookphys"": 0.1144483941777609, ""hlthg"": 0.07010781126584119, ""hlthp"": 0.0037944156415806894, ""linc"": 0.019433940204240358, ""income"": 0.03483808799902149, ""plan_14"": 0.12107151219515493, ""site_6"": 0.5463531781305891, ""educdec"": 0.002803410649082382}]","[-2.152332279106407, 0.5077988816268765, 0.5077988816268765]",16,0.06036060553787504,257.4993944168091,randhealth_notmdvis_baseline,2,20262630,4730,1182,False,kmeans_glm,randhealth_notmdvis_baseline_S2_K3_nb2-nb2-nb2_L5.0_kmeans_glm,-0.6619968960017453
zip+zip+zip,3,10.0,False,True,,-2950.407643627451,6730.059974440528,6096.815287254902,-782.5299586907228,"[0.866536738618289, 0.07462150803955038, 0.05884175334216068]","[{""logit_theta"": -19.214931805614114}, {""logit_theta"": 1.1964686788659513}, {""logit_theta"": 0.47544169102902606}]",1.9088862632804946,0.7285492480217938,True,5.651515072547889,1.8131018414637379,True,1.9292564597684514,0.4560067681895093,0.010558573685118922,-0.5976720058659746,"[39, 25, 26]",13.0,33.0,"[[1, 2, 3, 4, 5, 7, 10, 12, 14, 15, 16, 17, 18, 19, 20, 22, 23, 24, 25, 26, 27, 29, 31, 32, 33, 34, 35, 36, 37, 39, 41, 42, 43, 44, 45, 46, 47, 48, 49], [3, 4, 5, 7, 9, 12, 14, 15, 16, 18, 19, 20, 21, 22, 23, 27, 29, 30, 32, 38, 42, 45, 47, 49, 50], [1, 2, 3, 6, 7, 9, 11, 12, 15, 17, 18, 21, 22, 23, 26, 27, 29, 30, 33, 36, 39, 42, 45, 47, 49, 50]]","[[""xage"", ""child"", ""physlm"", ""lnum"", ""lfam"", ""plan_11"", ""fmde"", ""disea"", ""black"", ""coins"", ""ghindx"", ""pioff"", ""mhi"", ""site_5"", ""plan_16"", ""site_3"", ""hlthf"", ""plan_15"", ""year_3"", ""female"", ""site_4"", ""tookphys"", ""plan_19"", ""hlthp"", ""linc"", ""plan_6"", ""year_5"", ""income"", ""year_4"", ""plan_17"", ""plan_14"", ""site_2"", ""plan_3"", ""time"", ""plan_7"", ""idp"", ""site_6"", ""plan_4"", ""educdec""], [""physlm"", ""lnum"", ""lfam"", ""plan_11"", ""fchild"", ""disea"", ""black"", ""coins"", ""ghindx"", ""mhi"", ""site_5"", ""plan_16"", ""lpi"", ""site_3"", ""hlthf"", ""site_4"", ""tookphys"", ""hlthg"", ""hlthp"", ""year_2"", ""site_2"", ""plan_7"", ""site_6"", ""educdec"", ""plan_13""], [""xage"", ""child"", ""physlm"", ""num"", ""plan_11"", ""fchild"", ""xghindx"", ""disea"", ""coins"", ""pioff"", ""mhi"", ""lpi"", ""site_3"", ""hlthf"", ""female"", ""site_4"", ""tookphys"", ""hlthg"", ""linc"", ""income"", ""plan_17"", ""site_2"", ""plan_7"", ""site_6"", ""educdec"", ""plan_13""]]","[{""xage"": 0.15259643139859627, ""child"": -0.2054569352340063, ""physlm"": 0.01859356344123072, ""lnum"": -0.0010501699800356638, ""lfam"": -0.0010501699800356638, ""plan_11"": 0.0009905621227348802, ""fmde"": -0.22711414264017876, ""disea"": 0.017682203773825907, ""black"": -0.04740817943526823, ""coins"": -0.06977023219548532, ""ghindx"": -0.04030881992399736, ""pioff"": 0.0026441390642540203, ""mhi"": -0.024850631956768825, ""site_5"": -0.13736493194264182, ""plan_16"": -0.056679801005392785, ""site_3"": 0.08409449219063873, ""hlthf"": 0.07105051286870254, ""plan_15"": -0.10884230402351786, ""year_3"": -0.07986213298246037, ""female"": 0.09968164244580867, ""site_4"": -0.2010400322099087, ""tookphys"": 0.01722101800241023, ""plan_19"": -0.010535046687386472, ""hlthp"": 0.05658959861059979, ""linc"": 0.002313121775587755, ""plan_6"": -0.009559251240178363, ""year_5"": -0.08909678668450498, ""income"": 0.017918698219390905, ""year_4"": -0.05960507036121538, ""plan_17"": 0.08047064328174937, ""plan_14"": -0.009398063124183386, ""site_2"": -0.10894794022552033, ""plan_3"": -0.018595969745275408, ""time"": 0.03732157610661098, ""plan_7"": 0.07018442136201868, ""idp"": -0.02148681733591963, ""site_6"": -0.3200725991930098, ""plan_4"": -0.03165412449670534, ""educdec"": 0.024632417393050405}, {""physlm"": 0.1680311088654072, ""lnum"": 0.008556308999607843, ""lfam"": 0.008556308993122081, ""plan_11"": 0.04736759011769808, ""fchild"": -0.13539979805169053, ""disea"": 0.10702171314716527, ""black"": -0.14978993929597048, ""coins"": -0.00925634379292034, ""ghindx"": 0.2279098179733573, ""mhi"": 0.20437385303876496, ""site_5"": -0.383814844587784, ""plan_16"": -0.17766856463283517, ""lpi"": -0.2592821809533829, ""site_3"": 0.06673604616860727, ""hlthf"": -0.12808912655000476, ""site_4"": -0.2215718642122181, ""tookphys"": 0.27836941399867027, ""hlthg"": 0.44106157485264774, ""hlthp"": 0.13426658348277357, ""year_2"": -0.02058425837328442, ""site_2"": 0.2342802419141594, ""plan_7"": -0.033419481891131995, ""site_6"": 0.38361314116655437, ""educdec"": 0.5019489328764281, ""plan_13"": 0.05397605474217712}, {""xage"": 0.04492297602604044, ""child"": -0.4952582148884409, ""physlm"": -0.03427996580536556, ""num"": -0.08740549666669768, ""plan_11"": 0.11156253318417449, ""fchild"": -0.2987510005947156, ""xghindx"": -0.12434077457688054, ""disea"": 0.11498858104896073, ""coins"": -0.3247021432461782, ""pioff"": 0.09030850599177884, ""mhi"": -0.07941116966402342, ""lpi"": 0.10068692082321613, ""site_3"": -0.030464074389068323, ""hlthf"": 0.07195150836744521, ""female"": 0.033393293544717956, ""site_4"": -0.17382546145504413, ""tookphys"": -0.2728305584243755, ""hlthg"": 0.08012958810577238, ""linc"": 0.016716779167280815, ""income"": -0.11053804189931254, ""plan_17"": -0.01814631431617971, ""site_2"": -0.10150157459418165, ""plan_7"": 0.0748685263506199, ""site_6"": 0.16774222874710254, ""educdec"": -0.0006436097712550804, ""plan_13"": 0.06582953340624119}]","[-2.000201946250617, 1.9596828915943587, 1.1830697273870696]",14,0.05884175334216068,892.5726284980774,randhealth_notmdvis_baseline,2,20262630,4730,1182,False,kmeans_glm,randhealth_notmdvis_baseline_S2_K3_zip-zip-zip_L10.0_kmeans_glm,-0.6620388821410514
zip+zip+zip,3,10.0,False,True,,-2950.407632660448,6730.059952506523,6096.815265320896,-782.5299589824311,"[0.8665368375227999, 0.058841729723601, 0.07462143275359918]","[{""logit_theta"": -18.286287388483856}, {""logit_theta"": 0.47544087328994333}, {""logit_theta"": 1.1964672552291173}]",1.9088862631165713,0.7285492567377572,True,5.651514859168369,1.813101869082485,True,1.9292564597684514,0.4560067681895093,0.010558573770085955,-0.5976720249796457,"[39, 26, 25]",13.0,33.0,"[[1, 2, 3, 4, 5, 7, 10, 12, 14, 15, 16, 17, 18, 19, 20, 22, 23, 24, 25, 26, 27, 29, 31, 32, 33, 34, 35, 36, 37, 39, 41, 42, 43, 44, 45, 46, 47, 48, 49], [1, 2, 3, 6, 7, 9, 11, 12, 15, 17, 18, 21, 22, 23, 26, 27, 29, 30, 33, 36, 39, 42, 45, 47, 49, 50], [3, 4, 5, 7, 9, 12, 14, 15, 16, 18, 19, 20, 21, 22, 23, 27, 29, 30, 32, 38, 42, 45, 47, 49, 50]]","[[""xage"", ""child"", ""physlm"", ""lnum"", ""lfam"", ""plan_11"", ""fmde"", ""disea"", ""black"", ""coins"", ""ghindx"", ""pioff"", ""mhi"", ""site_5"", ""plan_16"", ""site_3"", ""hlthf"", ""plan_15"", ""year_3"", ""female"", ""site_4"", ""tookphys"", ""plan_19"", ""hlthp"", ""linc"", ""plan_6"", ""year_5"", ""income"", ""year_4"", ""plan_17"", ""plan_14"", ""site_2"", ""plan_3"", ""time"", ""plan_7"", ""idp"", ""site_6"", ""plan_4"", ""educdec""], [""xage"", ""child"", ""physlm"", ""num"", ""plan_11"", ""fchild"", ""xghindx"", ""disea"", ""coins"", ""pioff"", ""mhi"", ""lpi"", ""site_3"", ""hlthf"", ""female"", ""site_4"", ""tookphys"", ""hlthg"", ""linc"", ""income"", ""plan_17"", ""site_2"", ""plan_7"", ""site_6"", ""educdec"", ""plan_13""], [""physlm"", ""lnum"", ""lfam"", ""plan_11"", ""fchild"", ""disea"", ""black"", ""coins"", ""ghindx"", ""mhi"", ""site_5"", ""plan_16"", ""lpi"", ""site_3"", ""hlthf"", ""site_4"", ""tookphys"", ""hlthg"", ""hlthp"", ""year_2"", ""site_2"", ""plan_7"", ""site_6"", ""educdec"", ""plan_13""]]","[{""xage"": 0.15259644284167306, ""child"": -0.20545693408003807, ""physlm"": 0.018593558506811, ""lnum"": -0.001050170196920501, ""lfam"": -0.0010501700745667668, ""plan_11"": 0.0009905768211086008, ""fmde"": -0.2271141428892151, ""disea"": 0.017682203577206287, ""black"": -0.0474081870212852, ""coins"": -0.06977023592477717, ""ghindx"": -0.04030882001193841, ""pioff"": 0.0026441494061799167, ""mhi"": -0.024850631383348656, ""site_5"": -0.13736492985678891, ""plan_16"": -0.05667979175209581, ""site_3"": 0.08409449381422955, ""hlthf"": 0.07105050907602094, ""plan_15"": -0.10884229787447984, ""year_3"": -0.0798621324733783, ""female"": 0.09968164651987454, ""site_4"": -0.20104003601798745, ""tookphys"": 0.017221021116399275, ""plan_19"": -0.010535042835981586, ""hlthp"": 0.056589599232160545, ""linc"": 0.0023131281836745407, ""plan_6"": -0.009559246455274705, ""year_5"": -0.08909678448636829, ""income"": 0.017918686720052895, ""year_4"": -0.059605067724838146, ""plan_17"": 0.08047064987440206, ""plan_14"": -0.009398062731536688, ""site_2"": -0.10894794155202071, ""plan_3"": -0.018595968482212958, ""time"": 0.03732157815372087, ""plan_7"": 0.07018443117892806, ""idp"": -0.021486805681818016, ""site_6"": -0.32007260130959225, ""plan_4"": -0.03165412518040541, ""educdec"": 0.024632415812951978}, {""xage"": 0.04492300102971951, ""child"": -0.4952583290769425, ""physlm"": -0.03427997288378844, ""num"": -0.08740550484898614, ""plan_11"": 0.11156251689633434, ""fchild"": -0.29875109123223303, ""xghindx"": -0.1243408305131523, ""disea"": 0.11498856970442238, ""coins"": -0.32470222920202957, ""pioff"": 0.09030862675914139, ""mhi"": -0.07941116959847158, ""lpi"": 0.10068685292442107, ""site_3"": -0.03046406862048767, ""hlthf"": 0.07195147311101324, ""female"": 0.0333933596188822, ""site_4"": -0.17382550492029233, ""tookphys"": -0.2728305311376875, ""hlthg"": 0.0801295695549487, ""linc"": 0.016716812673007897, ""income"": -0.11053805172552704, ""plan_17"": -0.01814633337491718, ""site_2"": -0.10150157914133094, ""plan_7"": 0.07486871805138343, ""site_6"": 0.16774224978350474, ""educdec"": -0.0006436033024213495, ""plan_13"": 0.0658295044594117}, {""physlm"": 0.16803111858839462, ""lnum"": 0.008556316979266582, ""lfam"": 0.008556316982900538, ""plan_11"": 0.0473676021358086, ""fchild"": -0.13539984008391698, ""disea"": 0.10702172392989391, ""black"": -0.14978992664319837, ""coins"": -0.009256300839672016, ""ghindx"": 0.22790980446113385, ""mhi"": 0.2043738983278127, ""site_5"": -0.38381494716832143, ""plan_16"": -0.17766862235067352, ""lpi"": -0.2592821844178486, ""site_3"": 0.06673606010917756, ""hlthf"": -0.12808913831499621, ""site_4"": -0.22157185321914608, ""tookphys"": 0.2783694592491226, ""hlthg"": 0.44106156724692097, ""hlthp"": 0.1342665998215691, ""year_2"": -0.020584256593035193, ""site_2"": 0.23428028553706584, ""plan_7"": -0.03341948418082851, ""site_6"": 0.3836131970809246, ""educdec"": 0.5019489287789999, ""plan_13"": 0.053976088829277125}]","[-2.0002020792481545, 1.183069593504059, 1.9596827507016417]",14,0.058841729723601,825.1647706031799,randhealth_notmdvis_baseline,2,20262630,4730,1182,False,quantile_glm,randhealth_notmdvis_baseline_S2_K3_zip-zip-zip_L10.0_quantile_glm,-0.6620388823878436
poisson+nb2+zip,3,25.0,True,True,,-3056.0006366292446,6484.315214443872,6200.001273258489,-782.6808942918697,"[0.8532897001177607, 0.06181439807938565, 0.08489590180285354]","[{}, {""log_alpha"": 1.8866812550327554}, {""logit_theta"": 0.38860213033876523}]",1.9126517896793305,0.7783447850391709,True,1.2600212395331738,1.0318851898482513,True,1.9292564597684514,0.4560067681895093,0.008606771798039703,-0.7068711241489796,"[24, 0, 13]",0.0,29.0,"[[1, 2, 3, 10, 11, 12, 13, 14, 15, 18, 19, 20, 22, 23, 24, 25, 26, 27, 32, 35, 39, 42, 45, 47], [], [1, 3, 4, 5, 8, 12, 14, 16, 18, 32, 39, 47, 50]]","[[""xage"", ""child"", ""physlm"", ""fmde"", ""xghindx"", ""disea"", ""logc"", ""black"", ""coins"", ""mhi"", ""site_5"", ""plan_16"", ""site_3"", ""hlthf"", ""plan_15"", ""year_3"", ""female"", ""site_4"", ""hlthp"", ""year_5"", ""plan_17"", ""site_2"", ""plan_7"", ""site_6""], [], [""xage"", ""physlm"", ""lnum"", ""lfam"", ""mdeoff"", ""disea"", ""black"", ""ghindx"", ""mhi"", ""hlthp"", ""plan_17"", ""site_6"", ""plan_13""]]","[{""xage"": 0.211910332759728, ""child"": -0.14839901413145587, ""physlm"": 0.004265856458545011, ""fmde"": -0.10782466058639771, ""xghindx"": -0.013981607372345358, ""disea"": 0.029682586791329898, ""logc"": -0.12900122646547088, ""black"": -0.04860023976738519, ""coins"": -0.047291266480853036, ""mhi"": -0.020177105047645354, ""site_5"": -0.02645595227526032, ""plan_16"": -0.008257129361025621, ""site_3"": 0.1452054370713738, ""hlthf"": 0.052264830209611236, ""plan_15"": -0.04669021779724328, ""year_3"": -0.018514032286077904, ""female"": 0.06968531030562512, ""site_4"": -0.08994397608611085, ""hlthp"": 0.045933917212658944, ""year_5"": -0.013633630350293548, ""plan_17"": 0.049398898556665224, ""site_2"": -0.020746868607433952, ""plan_7"": 0.06527158758689272, ""site_6"": -0.21681697347607815}, {}, {""xage"": 0.45906791609014713, ""physlm"": 0.24849252358324725, ""lnum"": -0.021663804200643146, ""lfam"": -0.021663804200778566, ""mdeoff"": -0.10222414065126202, ""disea"": 0.008619304785555303, ""black"": -0.2713376885513252, ""ghindx"": -0.10891411372708956, ""mhi"": -0.08467873950212189, ""hlthp"": -0.023212874419720492, ""plan_17"": 0.0019865208154971905, ""site_6"": 0.08677016338467256, ""plan_13"": 0.1816038335663452}]","[-2.0775047794025494, 1.7028321553716972, 0.4411868280494526]",10,0.06181439807938565,154.2241621017456,randhealth_notmdvis_baseline,2,20262630,4730,1182,False,quantile_glm,randhealth_notmdvis_baseline_S2_K3_poisson-nb2-zip_L25.0_quantile_glm,-0.6621665772350843
poisson+nb2+nb2,3,10.0,True,True,,-3000.1810765841537,6524.986343020439,6124.3621531683075,-783.1720072607661,"[0.813205482285965, 0.043792648958560935, 0.14300186875547413]","[{}, {""log_alpha"": 3.592847154589751}, {""log_alpha"": 1.1783724496666166}]",1.9273677888063252,0.7269782497330267,True,6.953324242220077,2.980135799580096,True,1.9292564597684514,0.4560067681895093,0.0009789631402103982,-0.5942268853143555,"[32, 0, 23]",0.0,42.0,"[[1, 2, 10, 12, 14, 15, 16, 17, 18, 19, 20, 22, 23, 24, 25, 26, 27, 28, 29, 32, 35, 37, 39, 41, 42, 43, 44, 45, 46, 47, 48, 49], [], [1, 2, 3, 4, 5, 6, 7, 9, 12, 14, 15, 19, 20, 21, 25, 27, 28, 29, 30, 31, 36, 43, 47]]","[[""xage"", ""child"", ""fmde"", ""disea"", ""black"", ""coins"", ""ghindx"", ""pioff"", ""mhi"", ""site_5"", ""plan_16"", ""site_3"", ""hlthf"", ""plan_15"", ""year_3"", ""female"", ""site_4"", ""plan_5"", ""tookphys"", ""hlthp"", ""year_5"", ""year_4"", ""plan_17"", ""plan_14"", ""site_2"", ""plan_3"", ""time"", ""plan_7"", ""idp"", ""site_6"", ""plan_4"", ""educdec""], [], [""xage"", ""child"", ""physlm"", ""lnum"", ""lfam"", ""num"", ""plan_11"", ""fchild"", ""disea"", ""black"", ""coins"", ""site_5"", ""plan_16"", ""lpi"", ""year_3"", ""site_4"", ""plan_5"", ""tookphys"", ""hlthg"", ""plan_19"", ""income"", ""plan_3"", ""site_6""]]","[{""xage"": 0.1989602323306909, ""child"": -0.1605142357007341, ""fmde"": -0.25489957993753337, ""disea"": 0.015131956759311074, ""black"": -0.05675562544016353, ""coins"": -0.04783770850483503, ""ghindx"": -0.03726041436461783, ""pioff"": 0.009809998840987794, ""mhi"": -0.017447548068690737, ""site_5"": -0.10862260104341491, ""plan_16"": -0.05169078746621952, ""site_3"": 0.09857817653980312, ""hlthf"": 0.06737510445003043, ""plan_15"": -0.10661592466349869, ""year_3"": -0.063934734049462, ""female"": 0.10090157521542516, ""site_4"": -0.21036696790736725, ""plan_5"": 0.004666666357948526, ""tookphys"": 0.011336654682237596, ""hlthp"": 0.06448265387067913, ""year_5"": -0.07670900971335795, ""year_4"": -0.04390913868657286, ""plan_17"": 0.10229874270592948, ""plan_14"": -0.02264849629146967, ""site_2"": -0.14247888053785537, ""plan_3"": -0.009562541461511616, ""time"": 0.02636701352500161, ""plan_7"": 0.08799558239134501, ""idp"": -0.04300739456636503, ""site_6"": -0.3559262222982434, ""plan_4"": -0.026713229308071313, ""educdec"": 0.018619819379296153}, {}, {""xage"": 0.20959223200876229, ""child"": -0.2447613439976596, ""physlm"": 0.2419162460942334, ""lnum"": -0.0928206444238805, ""lfam"": -0.0928206455856765, ""num"": -0.1315650052844434, ""plan_11"": 0.11275692924610944, ""fchild"": -0.0379992749580846, ""disea"": 0.00988784462709977, ""black"": -0.48353114184164137, ""coins"": -0.12977343146469542, ""site_5"": -0.16186294991079106, ""plan_16"": -0.11927024955801804, ""lpi"": -0.09432074497261975, ""year_3"": -0.08121255341896282, ""site_4"": -0.07709582802341458, ""plan_5"": -0.1879281184487534, ""tookphys"": 0.011063044780786213, ""hlthg"": 0.12709769947878954, ""plan_19"": -0.09321420493509579, ""income"": 0.1106845648457838, ""plan_3"": -0.02207290395308616, ""site_6"": 0.6005258197280292}]","[-2.17102006510683, 0.14035562007156818, 0.1410450298437049]",6,0.043792648958560935,102.40763258934021,randhealth_notmdvis_baseline,2,20262630,4730,1182,False,quantile_glm,randhealth_notmdvis_baseline_S2_K3_poisson-nb2-nb2_L10.0_quantile_glm,-0.6625820704405805
poisson+nb2+nb2,3,10.0,True,True,,-3000.1810786188043,6524.98634708974,6124.362157237609,-783.1720098236626,"[0.813205480471853, 0.14300187619764418, 0.04379264333050275]","[{}, {""log_alpha"": 1.1783719367272834}, {""log_alpha"": 3.5928472027279814}]",1.9273678036499209,0.7269782617567115,True,6.953325929489208,2.980136238785708,True,1.9292564597684514,0.4560067681895093,0.0009789554462641403,-0.5942269116816941,"[32, 23, 0]",0.0,42.0,"[[1, 2, 10, 12, 14, 15, 16, 17, 18, 19, 20, 22, 23, 24, 25, 26, 27, 28, 29, 32, 35, 37, 39, 41, 42, 43, 44, 45, 46, 47, 48, 49], [1, 2, 3, 4, 5, 6, 7, 9, 12, 14, 15, 19, 20, 21, 25, 27, 28, 29, 30, 31, 36, 43, 47], []]","[[""xage"", ""child"", ""fmde"", ""disea"", ""black"", ""coins"", ""ghindx"", ""pioff"", ""mhi"", ""site_5"", ""plan_16"", ""site_3"", ""hlthf"", ""plan_15"", ""year_3"", ""female"", ""site_4"", ""plan_5"", ""tookphys"", ""hlthp"", ""year_5"", ""year_4"", ""plan_17"", ""plan_14"", ""site_2"", ""plan_3"", ""time"", ""plan_7"", ""idp"", ""site_6"", ""plan_4"", ""educdec""], [""xage"", ""child"", ""physlm"", ""lnum"", ""lfam"", ""num"", ""plan_11"", ""fchild"", ""disea"", ""black"", ""coins"", ""site_5"", ""plan_16"", ""lpi"", ""year_3"", ""site_4"", ""plan_5"", ""tookphys"", ""hlthg"", ""plan_19"", ""income"", ""plan_3"", ""site_6""], []]","[{""xage"": 0.19896024114540153, ""child"": -0.16051419528505217, ""fmde"": -0.2548995659154037, ""disea"": 0.01513196055150844, ""black"": -0.05675561542354623, ""coins"": -0.047837732033780944, ""ghindx"": -0.03726036971467128, ""pioff"": 0.00981000240564394, ""mhi"": -0.017447559617557798, ""site_5"": -0.10862260314857282, ""plan_16"": -0.051690826964457544, ""site_3"": 0.09857816822151995, ""hlthf"": 0.06737509504543905, ""plan_15"": -0.10661590670917138, ""year_3"": -0.0639347365218971, ""female"": 0.10090155166674747, ""site_4"": -0.21036698687050792, ""plan_5"": 0.004666680499068447, ""tookphys"": 0.011336652874400527, ""hlthp"": 0.06448263339215549, ""year_5"": -0.07670901059812568, ""year_4"": -0.043909139651033095, ""plan_17"": 0.10229875280534007, ""plan_14"": -0.022648474968874253, ""site_2"": -0.1424789128194597, ""plan_3"": -0.00956253548252062, ""time"": 0.026367009046464926, ""plan_7"": 0.08799558750332367, ""idp"": -0.043007387632743185, ""site_6"": -0.3559262202388093, ""plan_4"": -0.0267132233113342, ""educdec"": 0.01861981773494725}, {""xage"": 0.20959223811382735, ""child"": -0.2447613785040746, ""physlm"": 0.24191626000934985, ""lnum"": -0.09282062193158835, ""lfam"": -0.09282061974385271, ""num"": -0.13156507670404233, ""plan_11"": 0.11275692745702609, ""fchild"": -0.03799927672342691, ""disea"": 0.009887865499886687, ""black"": -0.4835311935814781, ""coins"": -0.1297734776274957, ""site_5"": -0.16186291174524015, ""plan_16"": -0.11927020646647954, ""lpi"": -0.09432076408167817, ""year_3"": -0.08121258007499042, ""site_4"": -0.07709582843748577, ""plan_5"": -0.18792816523949812, ""tookphys"": 0.011063034127021603, ""hlthg"": 0.12709771678769133, ""plan_19"": -0.09321424858392865, ""income"": 0.11068458091772344, ""plan_3"": -0.022072903282924838, ""site_6"": 0.6005258473249495}, {}]","[-2.1710200979507355, 0.1410449501632152, 0.14035579492444805]",6,0.04379264333050275,143.29907369613647,randhealth_notmdvis_baseline,2,20262630,4730,1182,False,kmeans_glm,randhealth_notmdvis_baseline_S2_K3_poisson-nb2-nb2_L10.0_kmeans_glm,-0.6625820726088516
nb2+nb2+zinb,3,10.0,True,True,,-3004.0408713888064,6710.401222740949,6174.081742777613,-783.4253098876064,"[0.1829209909870543, 0.7566677098099682, 0.06041129920297745]","[{""log_alpha"": 1.6303700651636361}, {""log_alpha"": -27.631021115928547}, {""log_alpha"": 1.543460875018167, ""logit_theta"": -11.628984285325181}]",1.9241888438186492,0.7050995606698753,True,5.837586042247427,2.4787446878584203,True,1.9292564597684514,0.4560067681895093,0.0026267197002985965,-0.5462480161628807,"[17, 45, 12]",4.0,44.0,"[[1, 2, 3, 6, 7, 8, 14, 15, 18, 19, 20, 21, 25, 28, 30, 36, 47], [1, 2, 3, 4, 5, 8, 9, 10, 12, 13, 14, 15, 16, 17, 18, 19, 20, 21, 22, 23, 24, 25, 26, 27, 28, 29, 31, 32, 33, 34, 35, 36, 37, 39, 40, 41, 42, 43, 44, 45, 46, 47, 48, 49, 50], [1, 2, 3, 4, 5, 6, 9, 12, 29, 41, 47, 50]]","[[""xage"", ""child"", ""physlm"", ""num"", ""plan_11"", ""mdeoff"", ""black"", ""coins"", ""mhi"", ""site_5"", ""plan_16"", ""lpi"", ""year_3"", ""plan_5"", ""hlthg"", ""income"", ""site_6""], [""xage"", ""child"", ""physlm"", ""lnum"", ""lfam"", ""mdeoff"", ""fchild"", ""fmde"", ""disea"", ""logc"", ""black"", ""coins"", ""ghindx"", ""pioff"", ""mhi"", ""site_5"", ""plan_16"", ""lpi"", ""site_3"", ""hlthf"", ""plan_15"", ""year_3"", ""female"", ""site_4"", ""plan_5"", ""tookphys"", ""plan_19"", ""hlthp"", ""linc"", ""plan_6"", ""year_5"", ""income"", ""year_4"", ""plan_17"", ""plan_9"", ""plan_14"", ""site_2"", ""plan_3"", ""time"", ""plan_7"", ""idp"", ""site_6"", ""plan_4"", ""educdec"", ""plan_13""], [""xage"", ""child"", ""physlm"", ""lnum"", ""lfam"", ""num"", ""fchild"", ""disea"", ""tookphys"", ""plan_14"", ""site_6"", ""plan_13""]]","[{""xage"": 0.061106061950907765, ""child"": -0.35810792200407043, ""physlm"": 0.26544666942445544, ""num"": -0.06424394657496388, ""plan_11"": 0.1449447832630852, ""mdeoff"": -0.22726050374538279, ""black"": -0.5541862889948445, ""coins"": -0.013504842552984482, ""mhi"": -0.07851888534025708, ""site_5"": -0.12613284096994576, ""plan_16"": -0.06410339046988939, ""lpi"": -0.01229131534594651, ""year_3"": -0.00150748584264486, ""plan_5"": -0.05077421165821545, ""hlthg"": 0.16400271923551252, ""income"": 0.1341913344236623, ""site_6"": 0.8367979537959811}, {""xage"": 0.2127527875597881, ""child"": -0.14400128805859008, ""physlm"": 1.1949626793150406e-05, ""lnum"": -3.474970058674179e-05, ""lfam"": -3.474970058674179e-05, ""mdeoff"": 6.875825016116509e-05, ""fchild"": 2.016788446234755e-05, ""fmde"": -0.25132875611033373, ""disea"": 0.0139627503372037, ""logc"": -4.4185576218973914e-05, ""black"": -0.04203764556143128, ""coins"": -0.03738061725531413, ""ghindx"": -0.029310842126462282, ""pioff"": 0.011372377239628997, ""mhi"": -0.011205998130662842, ""site_5"": -0.1024609975696456, ""plan_16"": -0.05596487737775798, ""lpi"": -2.49256387516576e-05, ""site_3"": 0.10495021786748172, ""hlthf"": 0.0687781644682409, ""plan_15"": -0.11172169768332667, ""year_3"": -0.06342205795678986, ""female"": 0.10445163386691542, ""site_4"": -0.21750922378695742, ""plan_5"": 1.4379367553887588e-05, ""tookphys"": 0.007098478231272425, ""plan_19"": -6.273019137435067e-05, ""hlthp"": 0.06824838390544634, ""linc"": 8.743734613873162e-05, ""plan_6"": -1.668852665916977e-05, ""year_5"": -0.07206469925292815, ""income"": 2.5379110819322654e-05, ""year_4"": -0.03778613624298768, ""plan_17"": 0.10637182535301691, ""plan_9"": 1.828326923610826e-05, ""plan_14"": -0.032553130760558505, ""site_2"": -0.14808219618203383, ""plan_3"": -0.008498658214527747, ""time"": 0.021464490223946163, ""plan_7"": 0.08967478517792933, ""idp"": -0.04219559182507766, ""site_6"": -0.38909323041502486, ""plan_4"": -0.025521867963334704, ""educdec"": 0.018103245917802657, ""plan_13"": -4.489374411215518e-05}, {""xage"": 0.32789634666571155, ""child"": -0.34172703761588363, ""physlm"": 0.1328797435034609, ""lnum"": -0.14670720632390605, ""lfam"": -0.14670720543854718, ""num"": -0.012504363007810658, ""fchild"": -0.02932022919705197, ""disea"": 0.008971154981501193, ""tookphys"": 0.23272152962500078, ""plan_14"": 0.15295990663360276, ""site_6"": -0.29900208470934864, ""plan_13"": 0.022838637786918088}]","[-0.5960878856992875, -2.174880148187534, 0.2624880022626438]",13,0.06041129920297745,143.08414697647095,randhealth_notmdvis_baseline,2,20262630,4730,1182,False,kmeans_glm,randhealth_notmdvis_baseline_S2_K3_nb2-nb2-zinb_L10.0_kmeans_glm,-0.662796370463288
