dataset,component,feature_index,feature,screening_frequency,selection_frequency,selected_in_full_fit
parkinsons,0,1,age,1,1,True
parkinsons,0,2,sex,1,0.998,True
parkinsons,0,3,test_time,1,0.996,True
parkinsons,0,4,Jitter(%),1,0.954,True
parkinsons,0,5,Jitter(Abs),1,0.99,True
parkinsons,0,6,Jitter:RAP,1,0.974,True
parkinsons,0,7,Jitter:PPQ5,1,0.946,True
parkinsons,0,8,Shimmer,1,0.912,True
parkinsons,0,9,Shimmer(dB),1,0.92,True
parkinsons,0,10,Shimmer:APQ3,1,0.954,True
parkinsons,0,11,Shimmer:APQ5,1,0.92,True
parkinsons,0,12,Shimmer:APQ11,1,0.968,True
parkinsons,0,13,NHR,1,0.982,True
parkinsons,0,14,HNR,1,0.994,True
parkinsons,0,15,RPDE,1,0.99,True
parkinsons,0,16,DFA,1,0.996,True
parkinsons,0,17,PPE,1,0.99,True
parkinsons,1,1,age,1,1,True
parkinsons,1,2,sex,1,1,True
parkinsons,1,3,test_time,1,0.996,True
parkinsons,1,4,Jitter(%),1,0.908,True
parkinsons,1,5,Jitter(Abs),1,0.968,True
parkinsons,1,6,Jitter:RAP,1,0.922,True
parkinsons,1,7,Jitter:PPQ5,1,0.892,True
parkinsons,1,8,Shimmer,1,0.856,True
parkinsons,1,9,Shimmer(dB),1,0.89,False
parkinsons,1,10,Shimmer:APQ3,1,0.914,True
parkinsons,1,11,Shimmer:APQ5,1,0.85,True
parkinsons,1,12,Shimmer:APQ11,1,0.948,True
parkinsons,1,13,NHR,1,0.958,True
parkinsons,1,14,HNR,1,0.998,True
parkinsons,1,15,RPDE,1,0.996,True
parkinsons,1,16,DFA,1,1,True
parkinsons,1,17,PPE,1,0.996,False
parkinsons,2,1,age,1,1,True
parkinsons,2,2,sex,1,1,True
parkinsons,2,3,test_time,1,1,True
parkinsons,2,4,Jitter(%),1,0.982,True
parkinsons,2,5,Jitter(Abs),1,0.992,True
parkinsons,2,6,Jitter:RAP,1,0.986,True
parkinsons,2,7,Jitter:PPQ5,1,0.982,False
parkinsons,2,8,Shimmer,1,0.96,True
parkinsons,2,9,Shimmer(dB),1,0.966,False
parkinsons,2,10,Shimmer:APQ3,1,0.976,False
parkinsons,2,11,Shimmer:APQ5,1,0.974,False
parkinsons,2,12,Shimmer:APQ11,1,0.968,True
parkinsons,2,13,NHR,1,0.994,True
parkinsons,2,14,HNR,1,1,True
parkinsons,2,15,RPDE,1,0.998,True
parkinsons,2,16,DFA,1,1,True
parkinsons,2,17,PPE,1,0.99,True
rand,0,1,coins,1,0.842,True
rand,0,2,tookphys,0.936,0.42,False
rand,0,3,black,1,0.878,True
rand,0,4,income,0.95,0.352,False
rand,0,5,xage,1,1,True
rand,0,6,female,1,0.988,True
rand,0,7,educdec,0.798,0.588,True
rand,0,8,time,0.944,0.568,True
rand,0,9,num,1,0.2,False
rand,0,10,mhi,1,0.642,True
rand,0,11,disea,1,0.882,True
rand,0,12,physlm,1,0.54,False
rand,0,13,ghindx,1,0.372,False
rand,0,14,mdeoff,1,0.086,False
rand,0,15,pioff,1,0.362,False
rand,0,16,child,1,0.91,True
rand,0,17,fchild,1,0.12,False
rand,0,18,lfam,1,0.306,False
rand,0,19,lpi,0.994,0.282,False
rand,0,20,idp,0.652,0.322,True
rand,0,21,logc,1,0.624,True
rand,0,22,fmde,1,0.89,True
rand,0,23,hlthg,0.95,0.378,False
rand,0,24,hlthf,0.994,0.744,True
rand,0,25,hlthp,0.97,0.834,True
rand,0,26,xghindx,1,0.244,False
rand,0,27,linc,0.916,0.256,False
rand,0,28,lnum,1,0.306,False
rand,0,29,plan_2,0.81,0.782,True
rand,0,30,plan_3,0.978,0.534,False
rand,0,31,plan_4,0.814,0.47,False
rand,0,32,plan_5,0.986,0.278,False
rand,0,33,plan_6,0.99,0.402,False
rand,0,34,plan_7,0.744,0.734,True
rand,0,35,plan_8,0.566,0.334,False
rand,0,36,plan_9,0.89,0.25,False
rand,0,37,plan_10,0.752,0.202,False
rand,0,38,plan_11,1,0.486,False
rand,0,39,plan_13,0.702,0.148,False
rand,0,40,plan_14,0.814,0.222,False
rand,0,41,plan_15,0.996,0.672,True
rand,0,42,plan_16,1,0.806,True
rand,0,43,plan_17,0.778,0.77,True
rand,0,44,plan_18,0.648,0.178,False
rand,0,45,plan_19,1,0.314,False
rand,0,46,site_2,0.966,0.584,False
rand,0,47,site_3,0.998,0.992,True
rand,0,48,site_4,1,0.994,True
rand,0,49,site_5,1,0.682,False
rand,0,50,site_6,0.69,0.69,False
rand,0,51,year_2,0.978,0.34,False
rand,0,52,year_3,1,0.87,True
rand,0,53,year_4,0.796,0.778,True
rand,0,54,year_5,1,0.996,True
rand,1,1,coins,1,0.618,True
rand,1,2,tookphys,0.936,0.238,False
rand,1,3,black,1,0.912,True
rand,1,4,income,0.95,0.246,False
rand,1,5,xage,1,0.622,False
rand,1,6,female,1,0.134,False
rand,1,7,educdec,0.798,0.246,False
rand,1,8,time,0.944,0,False
rand,1,9,num,1,0.714,True
rand,1,10,mhi,1,0.204,False
rand,1,11,disea,1,0.858,True
rand,1,12,physlm,1,0.934,True
rand,1,13,ghindx,1,0.292,False
rand,1,14,mdeoff,1,0.448,True
rand,1,15,pioff,1,0.02,False
rand,1,16,child,1,0.988,True
rand,1,17,fchild,1,0.306,False
rand,1,18,lfam,1,0.264,False
rand,1,19,lpi,0.994,0.188,False
rand,1,20,idp,0.652,0.004,False
rand,1,21,logc,1,0,False
rand,1,22,fmde,1,0,False
rand,1,23,hlthg,0.95,0.346,False
rand,1,24,hlthf,0.994,0.096,False
rand,1,25,hlthp,0.97,0.188,False
rand,1,26,xghindx,1,0.276,False
rand,1,27,linc,0.916,0.172,False
rand,1,28,lnum,1,0.264,False
rand,1,29,plan_2,0.81,0.004,False
rand,1,30,plan_3,0.978,0.008,False
rand,1,31,plan_4,0.814,0.002,False
rand,1,32,plan_5,0.986,0.218,False
rand,1,33,plan_6,0.99,0.072,False
rand,1,34,plan_7,0.744,0.016,False
rand,1,35,plan_8,0.566,0.032,False
rand,1,36,plan_9,0.89,0.004,False
rand,1,37,plan_10,0.752,0.13,False
rand,1,38,plan_11,1,0.822,True
rand,1,39,plan_13,0.702,0.21,False
rand,1,40,plan_14,0.814,0.452,False
rand,1,41,plan_15,0.996,0.108,False
rand,1,42,plan_16,1,0.192,False
rand,1,43,plan_17,0.778,0.006,False
rand,1,44,plan_18,0.648,0.012,False
rand,1,45,plan_19,1,0.192,False
rand,1,46,site_2,0.966,0.238,False
rand,1,47,site_3,0.998,0.134,False
rand,1,48,site_4,1,0.574,True
rand,1,49,site_5,1,0.87,True
rand,1,50,site_6,0.69,0.69,False
rand,1,51,year_2,0.978,0.01,False
rand,1,52,year_3,1,0.064,False
rand,1,53,year_4,0.796,0.232,False
rand,1,54,year_5,1,0,False
